HomeTeamId,AwayTeamId,MatchID,Date,HomeTeam,AwayTeam,FTHG,FTAG,FTR,HTHG,HTAG,HTR,Referee,HS,AS,HST,AST,HF,AF,HC,AC,HY,AY,HR,AR,B365H,B365D,B365A,Season,homeTeamID,awayTeamID
25.0,18.0,1141,13/08/2011,Blackburn,Wolves,1.0,2.0,A,1.0,1.0,D,K Friend,16.0,13.0,8.0,4.0,14.0,10.0,12.0,6.0,4.0,2.0,0.0,0.0,2.2,3.2,3.5,EPLS201112,25.0,18.0
1.0,17.0,1142,13/08/2011,Fulham,Aston Villa,0.0,0.0,D,0.0,0.0,D,L Mason,13.0,7.0,9.0,1.0,10.0,18.0,2.0,3.0,2.0,4.0,0.0,0.0,2.2,3.2,3.5,EPLS201112,1.0,17.0
3.0,29.0,1143,13/08/2011,Liverpool,Sunderland,1.0,1.0,D,1.0,0.0,H,P Dowd,11.0,15.0,4.0,6.0,17.0,12.0,6.0,3.0,4.0,4.0,0.0,0.0,1.57,3.6,7.0,EPLS201112,3.0,29.0
14.0,12.0,1144,13/08/2011,Newcastle,Arsenal,0.0,0.0,D,0.0,0.0,D,P Walton,6.0,9.0,1.0,4.0,9.0,11.0,2.0,5.0,3.0,5.0,0.0,1.0,3.75,3.25,2.1,EPLS201112,14.0,12.0
26.0,31.0,1145,13/08/2011,QPR,Bolton,0.0,4.0,A,0.0,1.0,A,M Atkinson,13.0,13.0,7.0,7.0,9.0,16.0,3.0,2.0,1.0,2.0,1.0,0.0,2.4,3.25,3.0,EPLS201112,26.0,31.0
27.0,32.0,1146,13/08/2011,Wigan,Norwich,1.0,1.0,D,1.0,1.0,D,S Attwell,18.0,13.0,11.0,3.0,11.0,8.0,7.0,3.0,2.0,2.0,0.0,0.0,2.2,3.2,3.5,EPLS201112,27.0,32.0
28.0,15.0,1147,14/08/2011,Stoke,Chelsea,0.0,0.0,D,0.0,0.0,D,M Halsey,6.0,20.0,3.0,11.0,12.0,12.0,4.0,6.0,2.0,2.0,0.0,0.0,5.5,3.5,1.7,EPLS201112,28.0,15.0
5.0,11.0,1148,14/08/2011,West Brom,Man United,1.0,2.0,A,1.0,1.0,D,M Jones,14.0,11.0,8.0,5.0,16.0,9.0,6.0,5.0,3.0,2.0,0.0,0.0,6.5,4.0,1.53,EPLS201112,5.0,11.0
20.0,30.0,1149,15/08/2011,Man City,Swansea,4.0,0.0,H,0.0,0.0,D,M Dean,26.0,8.0,19.0,5.0,9.0,2.0,7.0,4.0,0.0,0.0,0.0,0.0,1.29,5.0,13.0,EPLS201112,20.0,30.0
12.0,3.0,1150,20/08/2011,Arsenal,Liverpool,0.0,2.0,A,0.0,0.0,D,M Atkinson,10.0,13.0,6.0,8.0,11.0,6.0,9.0,5.0,2.0,2.0,1.0,0.0,2.5,3.25,2.9,EPLS201112,12.0,3.0
17.0,25.0,1151,20/08/2011,Aston Villa,Blackburn,3.0,1.0,H,2.0,0.0,H,S Attwell,9.0,10.0,6.0,6.0,9.0,13.0,5.0,4.0,3.0,0.0,0.0,0.0,1.73,3.4,5.5,EPLS201112,17.0,25.0
15.0,5.0,1152,20/08/2011,Chelsea,West Brom,2.0,1.0,H,0.0,1.0,A,L Mason,22.0,6.0,12.0,4.0,12.0,8.0,7.0,4.0,2.0,4.0,0.0,0.0,1.3,5.5,10.0,EPLS201112,15.0,5.0
9.0,26.0,1153,20/08/2011,Everton,QPR,0.0,1.0,A,0.0,1.0,A,K Friend,14.0,4.0,7.0,3.0,12.0,9.0,2.0,1.0,1.0,1.0,0.0,0.0,1.53,3.8,7.0,EPLS201112,9.0,26.0
29.0,14.0,1154,20/08/2011,Sunderland,Newcastle,0.0,1.0,A,0.0,0.0,D,H Webb,15.0,12.0,5.0,10.0,17.0,7.0,7.0,6.0,3.0,3.0,1.0,0.0,2.2,3.25,3.4,EPLS201112,29.0,14.0
30.0,27.0,1155,20/08/2011,Swansea,Wigan,0.0,0.0,D,0.0,0.0,D,P Dowd,12.0,10.0,6.0,4.0,8.0,18.0,7.0,7.0,0.0,3.0,0.0,0.0,2.1,3.3,3.6,EPLS201112,30.0,27.0
31.0,20.0,1156,21/08/2011,Bolton,Man City,2.0,3.0,A,1.0,2.0,A,M Jones,6.0,17.0,4.0,9.0,19.0,14.0,7.0,8.0,2.0,0.0,0.0,0.0,4.75,3.5,1.8,EPLS201112,31.0,20.0
32.0,28.0,1157,21/08/2011,Norwich,Stoke,1.0,1.0,D,1.0,0.0,H,N Swarbrick,9.0,15.0,7.0,5.0,13.0,12.0,3.0,6.0,0.0,2.0,1.0,0.0,2.6,3.3,2.75,EPLS201112,32.0,28.0
18.0,1.0,1158,21/08/2011,Wolves,Fulham,2.0,0.0,H,2.0,0.0,H,M Dean,17.0,8.0,7.0,4.0,7.0,10.0,7.0,8.0,2.0,2.0,0.0,0.0,2.38,3.25,3.1,EPLS201112,18.0,1.0
11.0,6.0,1159,22/08/2011,Man United,Tottenham,3.0,0.0,H,0.0,0.0,D,L Probert,27.0,20.0,21.0,12.0,12.0,9.0,11.0,3.0,1.0,2.0,0.0,0.0,1.67,3.75,5.5,EPLS201112,11.0,6.0
17.0,18.0,1160,27/08/2011,Aston Villa,Wolves,0.0,0.0,D,0.0,0.0,D,M Atkinson,15.0,3.0,5.0,2.0,10.0,9.0,11.0,8.0,1.0,3.0,0.0,0.0,2.1,3.25,3.75,EPLS201112,17.0,18.0
25.0,9.0,1161,27/08/2011,Blackburn,Everton,0.0,1.0,A,0.0,0.0,D,L Mason,14.0,9.0,6.0,4.0,17.0,13.0,5.0,4.0,5.0,2.0,0.0,0.0,3.3,3.25,2.25,EPLS201112,25.0,9.0
15.0,32.0,1162,27/08/2011,Chelsea,Norwich,3.0,1.0,H,1.0,0.0,H,M Jones,16.0,9.0,8.0,6.0,17.0,14.0,8.0,6.0,2.0,2.0,0.0,1.0,1.2,6.5,15.0,EPLS201112,15.0,32.0
3.0,31.0,1163,27/08/2011,Liverpool,Bolton,3.0,1.0,H,1.0,0.0,H,L Probert,17.0,7.0,9.0,4.0,5.0,7.0,12.0,6.0,0.0,2.0,0.0,0.0,1.4,4.5,8.5,EPLS201112,3.0,31.0
30.0,29.0,1164,27/08/2011,Swansea,Sunderland,0.0,0.0,D,0.0,0.0,D,M Halsey,15.0,12.0,6.0,8.0,7.0,10.0,7.0,4.0,1.0,1.0,0.0,0.0,2.38,3.3,3.0,EPLS201112,30.0,29.0
27.0,26.0,1165,27/08/2011,Wigan,QPR,2.0,0.0,H,1.0,0.0,H,M Oliver,13.0,19.0,10.0,9.0,13.0,8.0,8.0,7.0,2.0,0.0,0.0,0.0,2.25,3.3,3.25,EPLS201112,27.0,26.0
11.0,12.0,1166,28/08/2011,Man United,Arsenal,8.0,2.0,H,3.0,1.0,H,H Webb,25.0,19.0,15.0,13.0,9.0,7.0,3.0,5.0,2.0,3.0,0.0,1.0,1.5,4.33,6.5,EPLS201112,11.0,12.0
14.0,1.0,1167,28/08/2011,Newcastle,Fulham,2.0,1.0,H,0.0,0.0,D,K Friend,13.0,16.0,9.0,9.0,19.0,8.0,6.0,6.0,2.0,1.0,0.0,0.0,2.1,3.25,3.75,EPLS201112,14.0,1.0
6.0,20.0,1168,28/08/2011,Tottenham,Man City,1.0,5.0,A,0.0,2.0,A,P Dowd,15.0,22.0,10.0,12.0,11.0,9.0,10.0,5.0,2.0,4.0,0.0,0.0,2.88,3.3,2.5,EPLS201112,6.0,20.0
5.0,28.0,1169,28/08/2011,West Brom,Stoke,0.0,1.0,A,0.0,0.0,D,M Dean,16.0,7.0,7.0,1.0,9.0,12.0,5.0,1.0,0.0,0.0,0.0,0.0,2.1,3.25,3.75,EPLS201112,5.0,28.0
12.0,30.0,1170,09/10/2011,Arsenal,Swansea,1.0,0.0,H,1.0,0.0,H,S Attwell,18.0,10.0,8.0,5.0,10.0,7.0,4.0,5.0,3.0,2.0,0.0,0.0,1.36,4.75,9.0,EPLS201112,12.0,30.0
31.0,11.0,1171,09/10/2011,Bolton,Man United,0.0,5.0,A,0.0,3.0,A,A Marriner,20.0,13.0,13.0,9.0,14.0,1.0,5.0,7.0,2.0,0.0,0.0,0.0,9.0,4.5,1.4,EPLS201112,31.0,11.0
9.0,17.0,1172,09/10/2011,Everton,Aston Villa,2.0,2.0,D,1.0,0.0,H,M Oliver,17.0,7.0,10.0,3.0,13.0,11.0,8.0,0.0,1.0,1.0,0.0,0.0,2.0,3.4,3.8,EPLS201112,9.0,17.0
20.0,27.0,1173,09/10/2011,Man City,Wigan,3.0,0.0,H,1.0,0.0,H,M Atkinson,23.0,9.0,10.0,5.0,6.0,9.0,8.0,3.0,0.0,0.0,0.0,0.0,1.17,7.0,17.0,EPLS201112,20.0,27.0
28.0,3.0,1174,09/10/2011,Stoke,Liverpool,1.0,0.0,H,1.0,0.0,H,M Clattenburg,3.0,20.0,1.0,11.0,12.0,13.0,2.0,12.0,0.0,1.0,0.0,0.0,3.25,3.3,2.25,EPLS201112,28.0,3.0
29.0,15.0,1175,09/10/2011,Sunderland,Chelsea,1.0,2.0,A,0.0,1.0,A,L Probert,14.0,16.0,7.0,8.0,7.0,3.0,4.0,7.0,1.0,1.0,0.0,0.0,5.0,3.75,1.7,EPLS201112,29.0,15.0
18.0,6.0,1176,09/10/2011,Wolves,Tottenham,0.0,2.0,A,0.0,0.0,D,P Walton,10.0,17.0,6.0,11.0,5.0,12.0,4.0,10.0,3.0,2.0,0.0,0.0,3.0,3.25,2.4,EPLS201112,18.0,6.0
1.0,25.0,1177,09/11/2011,Fulham,Blackburn,1.0,1.0,D,1.0,1.0,D,H Webb,13.0,10.0,8.0,5.0,7.0,12.0,11.0,2.0,3.0,1.0,0.0,0.0,1.67,3.6,5.5,EPLS201112,1.0,25.0
32.0,5.0,1178,09/11/2011,Norwich,West Brom,0.0,1.0,A,0.0,1.0,A,M Halsey,17.0,14.0,5.0,9.0,10.0,11.0,1.0,3.0,1.0,2.0,0.0,0.0,2.5,3.25,2.88,EPLS201112,32.0,5.0
26.0,14.0,1179,09/12/2011,QPR,Newcastle,0.0,0.0,D,0.0,0.0,D,P Dowd,14.0,8.0,5.0,3.0,10.0,15.0,6.0,4.0,1.0,3.0,0.0,0.0,2.4,3.25,3.0,EPLS201112,26.0,14.0
17.0,14.0,1180,17/09/2011,Aston Villa,Newcastle,1.0,1.0,D,1.0,0.0,H,N Swarbrick,10.0,21.0,2.0,13.0,13.0,10.0,4.0,9.0,1.0,1.0,0.0,0.0,1.91,3.4,4.2,EPLS201112,17.0,14.0
25.0,12.0,1181,17/09/2011,Blackburn,Arsenal,4.0,3.0,H,1.0,2.0,A,A Marriner,10.0,24.0,5.0,16.0,14.0,9.0,2.0,13.0,2.0,1.0,0.0,0.0,4.2,3.4,1.91,EPLS201112,25.0,12.0
31.0,32.0,1182,17/09/2011,Bolton,Norwich,1.0,2.0,A,0.0,2.0,A,H Webb,7.0,11.0,7.0,5.0,8.0,8.0,6.0,9.0,3.0,1.0,1.0,0.0,1.8,3.6,4.6,EPLS201112,31.0,32.0
9.0,27.0,1183,17/09/2011,Everton,Wigan,3.0,1.0,H,1.0,1.0,D,P Walton,17.0,9.0,10.0,4.0,14.0,8.0,4.0,9.0,2.0,1.0,0.0,0.0,1.5,4.0,7.0,EPLS201112,9.0,27.0
30.0,5.0,1184,17/09/2011,Swansea,West Brom,3.0,0.0,H,2.0,0.0,H,M Atkinson,7.0,13.0,5.0,8.0,4.0,9.0,2.0,8.0,1.0,2.0,0.0,0.0,2.63,3.2,2.75,EPLS201112,30.0,5.0
18.0,26.0,1185,17/09/2011,Wolves,QPR,0.0,3.0,A,0.0,2.0,A,A Taylor,13.0,17.0,6.0,12.0,15.0,13.0,4.0,8.0,2.0,3.0,0.0,0.0,1.91,3.4,4.2,EPLS201112,18.0,26.0
1.0,20.0,1186,18/09/2011,Fulham,Man City,2.0,2.0,D,0.0,1.0,A,M Clattenburg,14.0,18.0,11.0,11.0,10.0,9.0,6.0,9.0,1.0,1.0,0.0,0.0,6.5,3.8,1.57,EPLS201112,1.0,20.0
11.0,15.0,1187,18/09/2011,Man United,Chelsea,3.0,1.0,H,3.0,0.0,H,P Dowd,12.0,20.0,7.0,9.0,11.0,12.0,4.0,10.0,2.0,3.0,0.0,0.0,1.83,3.5,4.5,EPLS201112,11.0,15.0
29.0,28.0,1188,18/09/2011,Sunderland,Stoke,4.0,0.0,H,3.0,0.0,H,K Friend,8.0,9.0,7.0,5.0,15.0,12.0,6.0,5.0,1.0,2.0,0.0,0.0,2.4,3.2,3.1,EPLS201112,29.0,28.0
6.0,3.0,1189,18/09/2011,Tottenham,Liverpool,4.0,0.0,H,1.0,0.0,H,M Jones,24.0,5.0,16.0,2.0,10.0,9.0,4.0,1.0,1.0,4.0,0.0,2.0,2.63,3.4,2.63,EPLS201112,6.0,3.0
12.0,31.0,1190,24/09/2011,Arsenal,Bolton,3.0,0.0,H,0.0,0.0,D,M Clattenburg,23.0,3.0,14.0,3.0,7.0,9.0,9.0,2.0,0.0,1.0,0.0,1.0,1.44,4.5,7.0,EPLS201112,12.0,31.0
15.0,30.0,1191,24/09/2011,Chelsea,Swansea,4.0,1.0,H,2.0,0.0,H,M Dean,15.0,5.0,7.0,4.0,15.0,11.0,1.0,6.0,3.0,3.0,1.0,0.0,1.2,6.5,15.0,EPLS201112,15.0,30.0
3.0,18.0,1192,24/09/2011,Liverpool,Wolves,2.0,1.0,H,2.0,0.0,H,K Friend,14.0,11.0,6.0,6.0,15.0,6.0,7.0,2.0,3.0,4.0,0.0,0.0,1.36,4.5,10.0,EPLS201112,3.0,18.0
20.0,9.0,1193,24/09/2011,Man City,Everton,2.0,0.0,H,0.0,0.0,D,H Webb,18.0,7.0,8.0,3.0,9.0,13.0,7.0,5.0,1.0,5.0,0.0,0.0,1.44,4.33,7.5,EPLS201112,20.0,9.0
14.0,25.0,1194,24/09/2011,Newcastle,Blackburn,3.0,1.0,H,2.0,1.0,H,M Atkinson,19.0,4.0,8.0,1.0,6.0,16.0,4.0,2.0,0.0,4.0,0.0,1.0,1.83,3.5,4.5,EPLS201112,14.0,25.0
28.0,11.0,1195,24/09/2011,Stoke,Man United,1.0,1.0,D,0.0,1.0,A,P Walton,14.0,13.0,8.0,9.0,10.0,3.0,8.0,8.0,1.0,0.0,0.0,0.0,6.5,4.0,1.53,EPLS201112,28.0,11.0
5.0,1.0,1196,24/09/2011,West Brom,Fulham,0.0,0.0,D,0.0,0.0,D,S Attwell,8.0,18.0,5.0,9.0,6.0,14.0,1.0,1.0,0.0,3.0,0.0,0.0,2.3,3.25,3.25,EPLS201112,5.0,1.0
27.0,6.0,1197,24/09/2011,Wigan,Tottenham,1.0,2.0,A,0.0,2.0,A,J Moss,5.0,14.0,4.0,7.0,13.0,6.0,1.0,9.0,3.0,1.0,1.0,0.0,4.0,3.5,1.91,EPLS201112,27.0,6.0
26.0,17.0,1198,25/09/2011,QPR,Aston Villa,1.0,1.0,D,0.0,0.0,D,M Oliver,17.0,8.0,9.0,4.0,14.0,19.0,11.0,8.0,1.0,6.0,1.0,0.0,2.3,3.25,3.2,EPLS201112,26.0,17.0
32.0,29.0,1199,26/09/2011,Norwich,Sunderland,2.0,1.0,H,1.0,0.0,H,C Foy,11.0,12.0,8.0,6.0,3.0,7.0,7.0,4.0,2.0,1.0,0.0,0.0,2.5,3.4,2.8,EPLS201112,32.0,29.0
17.0,27.0,1200,10/01/2011,Aston Villa,Wigan,2.0,0.0,H,1.0,0.0,H,M Clattenburg,16.0,14.0,10.0,9.0,12.0,6.0,5.0,10.0,0.0,1.0,0.0,0.0,1.62,3.75,6.0,EPLS201112,17.0,27.0
25.0,20.0,1201,10/01/2011,Blackburn,Man City,0.0,4.0,A,0.0,0.0,D,P Dowd,5.0,19.0,4.0,12.0,9.0,14.0,4.0,5.0,1.0,1.0,0.0,0.0,6.5,3.75,1.57,EPLS201112,25.0,20.0
9.0,3.0,1202,10/01/2011,Everton,Liverpool,0.0,2.0,A,0.0,0.0,D,M Atkinson,12.0,15.0,4.0,9.0,15.0,9.0,5.0,9.0,1.0,1.0,1.0,0.0,3.1,3.2,2.4,EPLS201112,9.0,3.0
11.0,32.0,1203,10/01/2011,Man United,Norwich,2.0,0.0,H,0.0,0.0,D,S Attwell,17.0,13.0,9.0,6.0,9.0,6.0,10.0,3.0,1.0,0.0,0.0,0.0,1.17,7.0,17.0,EPLS201112,11.0,32.0
29.0,5.0,1204,10/01/2011,Sunderland,West Brom,2.0,2.0,D,2.0,2.0,D,L Mason,12.0,7.0,7.0,3.0,9.0,13.0,7.0,4.0,2.0,0.0,0.0,0.0,2.25,3.4,3.2,EPLS201112,29.0,5.0
18.0,14.0,1205,10/01/2011,Wolves,Newcastle,1.0,2.0,A,0.0,2.0,A,M Halsey,25.0,10.0,12.0,6.0,7.0,10.0,10.0,5.0,1.0,2.0,0.0,0.0,2.5,3.25,2.88,EPLS201112,18.0,14.0
31.0,15.0,1206,10/02/2011,Bolton,Chelsea,1.0,5.0,A,0.0,4.0,A,P Walton,14.0,21.0,10.0,14.0,10.0,11.0,4.0,5.0,1.0,2.0,0.0,0.0,6.5,4.0,1.53,EPLS201112,31.0,15.0
1.0,26.0,1207,10/02/2011,Fulham,QPR,6.0,0.0,H,3.0,0.0,H,A Marriner,19.0,17.0,13.0,10.0,10.0,7.0,4.0,4.0,2.0,3.0,0.0,0.0,2.0,3.3,4.0,EPLS201112,1.0,26.0
30.0,28.0,1208,10/02/2011,Swansea,Stoke,2.0,0.0,H,1.0,0.0,H,M Jones,9.0,11.0,5.0,6.0,14.0,18.0,6.0,5.0,3.0,5.0,0.0,0.0,2.63,3.25,2.75,EPLS201112,30.0,28.0
6.0,12.0,1209,10/02/2011,Tottenham,Arsenal,2.0,1.0,H,1.0,0.0,H,M Dean,16.0,13.0,8.0,7.0,11.0,8.0,9.0,7.0,2.0,1.0,0.0,0.0,2.1,3.4,3.5,EPLS201112,6.0,12.0
15.0,9.0,1210,15/10/2011,Chelsea,Everton,3.0,1.0,H,2.0,0.0,H,M Jones,7.0,9.0,5.0,5.0,13.0,11.0,2.0,2.0,2.0,2.0,0.0,0.0,1.36,4.5,10.0,EPLS201112,15.0,9.0
3.0,11.0,1211,15/10/2011,Liverpool,Man United,1.0,1.0,D,0.0,0.0,D,A Marriner,14.0,10.0,8.0,3.0,8.0,11.0,8.0,3.0,1.0,3.0,0.0,0.0,3.0,3.3,2.4,EPLS201112,3.0,11.0
20.0,17.0,1212,15/10/2011,Man City,Aston Villa,4.0,1.0,H,1.0,0.0,H,A Taylor,15.0,8.0,10.0,6.0,10.0,6.0,5.0,1.0,1.0,1.0,0.0,0.0,1.33,5.0,10.0,EPLS201112,20.0,17.0
32.0,30.0,1213,15/10/2011,Norwich,Swansea,3.0,1.0,H,2.0,1.0,H,J Moss,15.0,12.0,8.0,4.0,6.0,5.0,4.0,4.0,0.0,1.0,0.0,0.0,2.2,3.3,3.4,EPLS201112,32.0,30.0
26.0,25.0,1214,15/10/2011,QPR,Blackburn,1.0,1.0,D,1.0,1.0,D,M Clattenburg,12.0,10.0,6.0,9.0,10.0,13.0,5.0,7.0,3.0,2.0,0.0,0.0,1.83,3.5,4.5,EPLS201112,26.0,25.0
28.0,1.0,1215,15/10/2011,Stoke,Fulham,2.0,0.0,H,0.0,0.0,D,M Atkinson,14.0,4.0,6.0,1.0,14.0,15.0,5.0,2.0,4.0,4.0,0.0,0.0,2.2,3.2,3.5,EPLS201112,28.0,1.0
27.0,31.0,1216,15/10/2011,Wigan,Bolton,1.0,3.0,A,1.0,2.0,A,M Dean,13.0,14.0,9.0,11.0,16.0,14.0,5.0,4.0,4.0,4.0,0.0,0.0,2.3,3.3,3.2,EPLS201112,27.0,31.0
12.0,29.0,1217,16/10/2011,Arsenal,Sunderland,2.0,1.0,H,1.0,1.0,D,H Webb,20.0,8.0,11.0,4.0,9.0,19.0,9.0,2.0,3.0,3.0,0.0,0.0,1.44,4.33,7.5,EPLS201112,12.0,29.0
14.0,6.0,1218,16/10/2011,Newcastle,Tottenham,2.0,2.0,D,0.0,1.0,A,L Probert,12.0,11.0,7.0,8.0,11.0,15.0,5.0,2.0,1.0,2.0,0.0,0.0,3.0,3.3,2.4,EPLS201112,14.0,6.0
5.0,18.0,1219,16/10/2011,West Brom,Wolves,2.0,0.0,H,1.0,0.0,H,C Foy,17.0,13.0,11.0,10.0,14.0,12.0,2.0,11.0,0.0,1.0,0.0,0.0,2.0,3.3,4.0,EPLS201112,5.0,18.0
17.0,5.0,1220,22/10/2011,Aston Villa,West Brom,1.0,2.0,A,1.0,1.0,D,P Dowd,3.0,8.0,0.0,5.0,11.0,8.0,3.0,8.0,2.0,3.0,1.0,0.0,2.0,3.3,4.0,EPLS201112,17.0,5.0
31.0,29.0,1221,22/10/2011,Bolton,Sunderland,0.0,2.0,A,0.0,0.0,D,M Jones,15.0,18.0,8.0,10.0,15.0,14.0,2.0,11.0,0.0,3.0,0.0,0.0,2.2,3.2,3.5,EPLS201112,31.0,29.0
3.0,32.0,1222,22/10/2011,Liverpool,Norwich,1.0,1.0,D,1.0,0.0,H,P Walton,25.0,12.0,15.0,10.0,6.0,8.0,10.0,3.0,0.0,1.0,0.0,0.0,1.29,5.5,11.0,EPLS201112,3.0,32.0
14.0,27.0,1223,22/10/2011,Newcastle,Wigan,1.0,0.0,H,0.0,0.0,D,N Swarbrick,13.0,12.0,10.0,5.0,7.0,22.0,7.0,3.0,3.0,2.0,0.0,0.0,1.57,3.8,6.5,EPLS201112,14.0,27.0
18.0,30.0,1224,22/10/2011,Wolves,Swansea,2.0,2.0,D,0.0,2.0,A,M Oliver,20.0,16.0,13.0,14.0,14.0,11.0,8.0,13.0,2.0,0.0,0.0,0.0,2.0,3.4,3.8,EPLS201112,18.0,30.0
12.0,28.0,1225,23/10/2011,Arsenal,Stoke,3.0,1.0,H,1.0,1.0,D,L Mason,9.0,5.0,5.0,2.0,9.0,13.0,10.0,1.0,0.0,2.0,0.0,0.0,1.53,4.0,6.5,EPLS201112,12.0,28.0
25.0,6.0,1226,23/10/2011,Blackburn,Tottenham,1.0,2.0,A,1.0,1.0,D,S Attwell,19.0,9.0,8.0,7.0,19.0,7.0,8.0,5.0,4.0,1.0,0.0,0.0,4.0,3.5,1.91,EPLS201112,25.0,6.0
1.0,9.0,1227,23/10/2011,Fulham,Everton,1.0,3.0,A,0.0,1.0,A,L Probert,15.0,11.0,8.0,7.0,12.0,8.0,5.0,1.0,3.0,1.0,0.0,0.0,2.25,3.25,3.3,EPLS201112,1.0,9.0
11.0,20.0,1228,23/10/2011,Man United,Man City,1.0,6.0,A,0.0,1.0,A,M Clattenburg,12.0,19.0,8.0,12.0,15.0,11.0,7.0,4.0,4.0,4.0,1.0,0.0,2.0,3.4,3.8,EPLS201112,11.0,20.0
26.0,15.0,1229,23/10/2011,QPR,Chelsea,1.0,0.0,H,1.0,0.0,H,C Foy,8.0,14.0,3.0,7.0,17.0,17.0,0.0,6.0,2.0,7.0,0.0,2.0,9.5,5.0,1.33,EPLS201112,26.0,15.0
15.0,12.0,1230,29/10/2011,Chelsea,Arsenal,3.0,5.0,A,2.0,1.0,H,A Marriner,12.0,13.0,10.0,8.0,7.0,18.0,3.0,2.0,2.0,3.0,0.0,0.0,1.62,4.0,5.5,EPLS201112,15.0,12.0
9.0,11.0,1231,29/10/2011,Everton,Man United,0.0,1.0,A,0.0,1.0,A,M Halsey,18.0,7.0,11.0,6.0,12.0,8.0,4.0,1.0,3.0,0.0,0.0,0.0,4.5,3.6,1.8,EPLS201112,9.0,11.0
20.0,18.0,1232,29/10/2011,Man City,Wolves,3.0,1.0,H,0.0,0.0,D,S Attwell,18.0,9.0,9.0,2.0,17.0,5.0,5.0,4.0,2.0,1.0,1.0,0.0,1.17,7.0,19.0,EPLS201112,20.0,18.0
32.0,25.0,1233,29/10/2011,Norwich,Blackburn,3.0,3.0,D,0.0,1.0,A,A Taylor,13.0,12.0,6.0,7.0,9.0,10.0,6.0,2.0,2.0,1.0,0.0,0.0,1.91,3.6,4.0,EPLS201112,32.0,25.0
29.0,17.0,1234,29/10/2011,Sunderland,Aston Villa,2.0,2.0,D,1.0,1.0,D,C Foy,13.0,10.0,8.0,5.0,7.0,13.0,5.0,6.0,1.0,3.0,0.0,0.0,2.1,3.3,3.6,EPLS201112,29.0,17.0
30.0,31.0,1235,29/10/2011,Swansea,Bolton,3.0,1.0,H,0.0,0.0,D,M Clattenburg,20.0,8.0,12.0,3.0,9.0,14.0,10.0,2.0,3.0,4.0,0.0,1.0,2.1,3.3,3.6,EPLS201112,30.0,31.0
5.0,3.0,1236,29/10/2011,West Brom,Liverpool,0.0,2.0,A,0.0,2.0,A,L Mason,10.0,17.0,6.0,7.0,12.0,9.0,3.0,10.0,1.0,0.0,0.0,0.0,4.0,3.3,2.0,EPLS201112,5.0,3.0
27.0,1.0,1237,29/10/2011,Wigan,Fulham,0.0,2.0,A,0.0,1.0,A,M Jones,18.0,7.0,9.0,5.0,17.0,14.0,9.0,0.0,2.0,5.0,0.0,0.0,2.88,3.25,2.5,EPLS201112,27.0,1.0
6.0,26.0,1238,30/10/2011,Tottenham,QPR,3.0,1.0,H,2.0,0.0,H,H Webb,22.0,12.0,13.0,8.0,12.0,14.0,4.0,8.0,0.0,0.0,0.0,0.0,1.36,4.75,9.0,EPLS201112,6.0,26.0
28.0,14.0,1239,31/10/2011,Stoke,Newcastle,1.0,3.0,A,0.0,2.0,A,M Dean,10.0,6.0,4.0,2.0,8.0,14.0,8.0,2.0,0.0,1.0,0.0,0.0,2.1,3.2,3.8,EPLS201112,28.0,14.0
12.0,5.0,1240,11/05/2011,Arsenal,West Brom,3.0,0.0,H,2.0,0.0,H,M Oliver,12.0,9.0,7.0,4.0,12.0,12.0,4.0,1.0,0.0,0.0,0.0,0.0,1.4,4.5,8.5,EPLS201112,12.0,5.0
17.0,32.0,1241,11/05/2011,Aston Villa,Norwich,3.0,2.0,H,1.0,1.0,D,K Friend,12.0,9.0,6.0,7.0,11.0,9.0,6.0,6.0,1.0,5.0,0.0,0.0,1.83,3.5,4.5,EPLS201112,17.0,32.0
25.0,15.0,1242,11/05/2011,Blackburn,Chelsea,0.0,1.0,A,0.0,0.0,D,M Dean,13.0,12.0,8.0,8.0,12.0,10.0,5.0,8.0,4.0,2.0,0.0,0.0,7.5,4.33,1.44,EPLS201112,25.0,15.0
3.0,30.0,1243,11/05/2011,Liverpool,Swansea,0.0,0.0,D,0.0,0.0,D,P Dowd,18.0,9.0,10.0,3.0,13.0,5.0,11.0,4.0,2.0,1.0,0.0,0.0,1.29,5.5,10.0,EPLS201112,3.0,30.0
11.0,29.0,1244,11/05/2011,Man United,Sunderland,1.0,0.0,H,1.0,0.0,H,L Mason,15.0,9.0,9.0,3.0,6.0,14.0,6.0,2.0,0.0,2.0,0.0,0.0,1.25,5.5,13.0,EPLS201112,11.0,29.0
14.0,9.0,1245,11/05/2011,Newcastle,Everton,2.0,1.0,H,2.0,1.0,H,A Marriner,10.0,14.0,6.0,6.0,12.0,15.0,5.0,3.0,2.0,3.0,0.0,0.0,2.25,3.25,3.3,EPLS201112,14.0,9.0
26.0,20.0,1246,11/05/2011,QPR,Man City,2.0,3.0,A,1.0,1.0,D,M Atkinson,18.0,16.0,9.0,8.0,5.0,14.0,3.0,1.0,1.0,1.0,0.0,0.0,10.0,5.0,1.33,EPLS201112,26.0,20.0
31.0,28.0,1247,11/06/2011,Bolton,Stoke,5.0,0.0,H,2.0,0.0,H,H Webb,20.0,9.0,16.0,6.0,10.0,9.0,12.0,4.0,0.0,1.0,0.0,0.0,2.4,3.3,3.0,EPLS201112,31.0,28.0
1.0,6.0,1248,11/06/2011,Fulham,Tottenham,1.0,3.0,A,0.0,2.0,A,P Walton,26.0,8.0,20.0,8.0,5.0,9.0,11.0,1.0,0.0,1.0,0.0,0.0,3.25,3.3,2.25,EPLS201112,1.0,6.0
18.0,27.0,1249,11/06/2011,Wolves,Wigan,3.0,1.0,H,1.0,1.0,D,L Probert,13.0,13.0,12.0,7.0,11.0,13.0,5.0,6.0,2.0,1.0,0.0,0.0,1.91,3.3,4.33,EPLS201112,18.0,27.0
9.0,18.0,1250,19/11/2011,Everton,Wolves,2.0,1.0,H,1.0,1.0,D,J Moss,13.0,4.0,9.0,1.0,14.0,13.0,9.0,1.0,1.0,2.0,0.0,0.0,1.57,3.75,6.5,EPLS201112,9.0,18.0
20.0,14.0,1251,19/11/2011,Man City,Newcastle,3.0,1.0,H,2.0,0.0,H,C Foy,12.0,10.0,9.0,7.0,10.0,7.0,4.0,5.0,0.0,0.0,0.0,0.0,1.3,5.5,10.0,EPLS201112,20.0,14.0
32.0,12.0,1252,19/11/2011,Norwich,Arsenal,1.0,2.0,A,1.0,1.0,D,P Dowd,7.0,20.0,4.0,14.0,11.0,9.0,1.0,6.0,3.0,0.0,0.0,0.0,5.5,3.6,1.67,EPLS201112,32.0,12.0
28.0,26.0,1253,19/11/2011,Stoke,QPR,2.0,3.0,A,1.0,2.0,A,M Jones,17.0,9.0,7.0,8.0,17.0,10.0,9.0,5.0,4.0,2.0,0.0,0.0,1.83,3.5,4.5,EPLS201112,28.0,26.0
29.0,1.0,1254,19/11/2011,Sunderland,Fulham,0.0,0.0,D,0.0,0.0,D,A Taylor,13.0,13.0,8.0,9.0,8.0,12.0,6.0,7.0,1.0,1.0,0.0,0.0,2.3,3.25,3.2,EPLS201112,29.0,1.0
30.0,11.0,1255,19/11/2011,Swansea,Man United,0.0,1.0,A,0.0,1.0,A,M Dean,9.0,13.0,6.0,7.0,6.0,9.0,6.0,2.0,0.0,1.0,0.0,0.0,6.5,4.2,1.5,EPLS201112,30.0,11.0
5.0,31.0,1256,19/11/2011,West Brom,Bolton,2.0,1.0,H,1.0,1.0,D,N Swarbrick,16.0,8.0,9.0,6.0,12.0,12.0,7.0,5.0,1.0,0.0,0.0,0.0,2.0,3.4,3.8,EPLS201112,5.0,31.0
27.0,25.0,1257,19/11/2011,Wigan,Blackburn,3.0,3.0,D,2.0,1.0,H,A Marriner,21.0,6.0,11.0,2.0,14.0,13.0,7.0,3.0,2.0,3.0,0.0,1.0,2.5,3.25,2.88,EPLS201112,27.0,25.0
15.0,3.0,1258,20/11/2011,Chelsea,Liverpool,1.0,2.0,A,0.0,1.0,A,L Probert,18.0,9.0,5.0,3.0,13.0,11.0,6.0,5.0,3.0,2.0,0.0,0.0,1.83,3.5,4.5,EPLS201112,15.0,3.0
6.0,17.0,1259,21/11/2011,Tottenham,Aston Villa,2.0,0.0,H,2.0,0.0,H,M Halsey,20.0,5.0,9.0,1.0,4.0,5.0,11.0,3.0,0.0,2.0,0.0,0.0,1.57,4.0,6.0,EPLS201112,6.0,17.0
12.0,1.0,1260,26/11/2011,Arsenal,Fulham,1.0,1.0,D,0.0,0.0,D,M Dean,20.0,10.0,12.0,6.0,9.0,7.0,13.0,4.0,1.0,3.0,0.0,0.0,1.44,4.2,8.0,EPLS201112,12.0,1.0
31.0,9.0,1261,26/11/2011,Bolton,Everton,0.0,2.0,A,0.0,0.0,D,M Oliver,8.0,17.0,7.0,14.0,9.0,10.0,2.0,4.0,1.0,1.0,1.0,0.0,3.1,3.25,2.38,EPLS201112,31.0,9.0
15.0,18.0,1262,26/11/2011,Chelsea,Wolves,3.0,0.0,H,3.0,0.0,H,L Mason,17.0,7.0,11.0,2.0,10.0,10.0,9.0,2.0,1.0,2.0,0.0,0.0,1.22,6.0,15.0,EPLS201112,15.0,18.0
11.0,14.0,1263,26/11/2011,Man United,Newcastle,1.0,1.0,D,0.0,0.0,D,M Jones,23.0,8.0,13.0,6.0,12.0,15.0,11.0,3.0,1.0,4.0,0.0,1.0,1.4,4.5,8.5,EPLS201112,11.0,14.0
32.0,26.0,1264,26/11/2011,Norwich,QPR,2.0,1.0,H,1.0,0.0,H,M Clattenburg,15.0,13.0,8.0,4.0,15.0,7.0,6.0,4.0,1.0,0.0,0.0,0.0,2.1,3.4,3.5,EPLS201112,32.0,26.0
28.0,25.0,1265,26/11/2011,Stoke,Blackburn,3.0,1.0,H,1.0,0.0,H,M Halsey,8.0,16.0,5.0,12.0,10.0,5.0,2.0,6.0,0.0,0.0,0.0,0.0,1.83,3.5,4.5,EPLS201112,28.0,25.0
29.0,27.0,1266,26/11/2011,Sunderland,Wigan,1.0,2.0,A,1.0,1.0,D,K Friend,17.0,7.0,11.0,4.0,12.0,13.0,3.0,2.0,3.0,1.0,0.0,0.0,1.67,3.6,5.5,EPLS201112,29.0,27.0
5.0,6.0,1267,26/11/2011,West Brom,Tottenham,1.0,3.0,A,1.0,1.0,D,L Probert,9.0,23.0,5.0,14.0,11.0,13.0,1.0,10.0,2.0,1.0,0.0,0.0,4.0,3.6,1.91,EPLS201112,5.0,6.0
3.0,20.0,1268,27/11/2011,Liverpool,Man City,1.0,1.0,D,1.0,1.0,D,M Atkinson,17.0,7.0,9.0,3.0,11.0,13.0,8.0,5.0,1.0,4.0,0.0,1.0,2.75,3.2,2.63,EPLS201112,3.0,20.0
30.0,17.0,1269,27/11/2011,Swansea,Aston Villa,0.0,0.0,D,0.0,0.0,D,N Swarbrick,6.0,9.0,2.0,4.0,9.0,17.0,4.0,6.0,3.0,4.0,0.0,0.0,2.2,3.25,3.4,EPLS201112,30.0,17.0
17.0,11.0,1270,12/03/2011,Aston Villa,Man United,0.0,1.0,A,0.0,1.0,A,L Probert,7.0,11.0,3.0,5.0,4.0,11.0,5.0,5.0,0.0,0.0,0.0,0.0,5.0,3.6,1.73,EPLS201112,17.0,11.0
25.0,30.0,1271,12/03/2011,Blackburn,Swansea,4.0,2.0,H,2.0,1.0,H,C Foy,14.0,10.0,9.0,5.0,12.0,13.0,3.0,4.0,1.0,1.0,0.0,1.0,2.1,3.4,3.5,EPLS201112,25.0,30.0
20.0,32.0,1272,12/03/2011,Man City,Norwich,5.0,1.0,H,1.0,0.0,H,H Webb,21.0,5.0,16.0,2.0,8.0,7.0,12.0,4.0,0.0,1.0,0.0,0.0,1.17,7.0,17.0,EPLS201112,20.0,32.0
14.0,15.0,1273,12/03/2011,Newcastle,Chelsea,0.0,3.0,A,0.0,1.0,A,M Dean,16.0,21.0,9.0,13.0,7.0,6.0,6.0,5.0,2.0,3.0,0.0,0.0,3.5,3.4,2.1,EPLS201112,14.0,15.0
26.0,5.0,1274,12/03/2011,QPR,West Brom,1.0,1.0,D,1.0,0.0,H,M Atkinson,14.0,15.0,4.0,10.0,7.0,9.0,3.0,5.0,0.0,3.0,0.0,0.0,2.25,3.3,3.25,EPLS201112,26.0,5.0
6.0,31.0,1275,12/03/2011,Tottenham,Bolton,3.0,0.0,H,1.0,0.0,H,S Attwell,25.0,13.0,16.0,9.0,10.0,5.0,7.0,6.0,0.0,2.0,0.0,1.0,1.3,5.0,12.0,EPLS201112,6.0,31.0
27.0,12.0,1276,12/03/2011,Wigan,Arsenal,0.0,4.0,A,0.0,2.0,A,M Clattenburg,7.0,16.0,4.0,10.0,8.0,12.0,4.0,5.0,3.0,2.0,0.0,0.0,6.0,4.0,1.57,EPLS201112,27.0,12.0
9.0,28.0,1277,12/04/2011,Everton,Stoke,0.0,1.0,A,0.0,1.0,A,L Mason,11.0,7.0,4.0,4.0,14.0,13.0,10.0,6.0,0.0,1.0,0.0,0.0,1.67,3.6,5.5,EPLS201112,9.0,28.0
18.0,29.0,1278,12/04/2011,Wolves,Sunderland,2.0,1.0,H,0.0,0.0,D,P Dowd,15.0,18.0,10.0,12.0,10.0,12.0,8.0,3.0,2.0,3.0,0.0,0.0,2.4,3.3,3.0,EPLS201112,18.0,29.0
1.0,3.0,1279,12/05/2011,Fulham,Liverpool,1.0,0.0,H,0.0,0.0,D,K Friend,19.0,17.0,13.0,9.0,12.0,9.0,2.0,10.0,3.0,1.0,0.0,1.0,3.5,3.4,2.1,EPLS201112,1.0,3.0
12.0,9.0,1280,12/10/2011,Arsenal,Everton,1.0,0.0,H,0.0,0.0,D,H Webb,12.0,7.0,7.0,1.0,7.0,14.0,7.0,4.0,2.0,2.0,0.0,0.0,1.53,4.0,6.5,EPLS201112,12.0,9.0
31.0,17.0,1281,12/10/2011,Bolton,Aston Villa,1.0,2.0,A,0.0,2.0,A,P Dowd,17.0,17.0,12.0,11.0,10.0,7.0,6.0,10.0,1.0,2.0,0.0,0.0,2.5,3.3,2.88,EPLS201112,31.0,17.0
3.0,26.0,1282,12/10/2011,Liverpool,QPR,1.0,0.0,H,0.0,0.0,D,L Mason,21.0,6.0,15.0,2.0,12.0,5.0,17.0,5.0,2.0,0.0,0.0,0.0,1.33,5.0,10.0,EPLS201112,3.0,26.0
11.0,18.0,1283,12/10/2011,Man United,Wolves,4.0,1.0,H,2.0,0.0,H,M Oliver,22.0,11.0,18.0,8.0,7.0,8.0,8.0,2.0,1.0,0.0,0.0,0.0,1.22,6.0,15.0,EPLS201112,11.0,18.0
32.0,14.0,1284,12/10/2011,Norwich,Newcastle,4.0,2.0,H,1.0,1.0,D,M Atkinson,13.0,11.0,11.0,8.0,9.0,8.0,7.0,2.0,3.0,2.0,0.0,1.0,2.4,3.4,2.88,EPLS201112,32.0,14.0
30.0,1.0,1285,12/10/2011,Swansea,Fulham,2.0,0.0,H,0.0,0.0,D,J Moss,16.0,12.0,8.0,7.0,8.0,7.0,6.0,5.0,1.0,1.0,0.0,0.0,2.63,3.25,2.75,EPLS201112,30.0,1.0
5.0,27.0,1286,12/10/2011,West Brom,Wigan,1.0,2.0,A,1.0,1.0,D,M Dean,13.0,7.0,8.0,4.0,9.0,7.0,13.0,2.0,1.0,1.0,0.0,0.0,1.67,3.8,5.25,EPLS201112,5.0,27.0
28.0,6.0,1287,12/11/2011,Stoke,Tottenham,2.0,1.0,H,2.0,0.0,H,C Foy,10.0,15.0,7.0,12.0,8.0,7.0,7.0,12.0,2.0,2.0,0.0,1.0,3.75,3.5,2.0,EPLS201112,28.0,6.0
29.0,25.0,1288,12/11/2011,Sunderland,Blackburn,2.0,1.0,H,0.0,1.0,A,P Walton,22.0,3.0,12.0,2.0,11.0,7.0,9.0,0.0,2.0,2.0,0.0,0.0,1.83,3.5,4.5,EPLS201112,29.0,25.0
15.0,20.0,1289,12/12/2011,Chelsea,Man City,2.0,1.0,H,1.0,1.0,D,M Clattenburg,13.0,7.0,7.0,4.0,11.0,18.0,5.0,1.0,4.0,2.0,0.0,1.0,2.4,3.3,3.0,EPLS201112,15.0,20.0
25.0,5.0,1290,17/12/2011,Blackburn,West Brom,1.0,2.0,A,0.0,0.0,D,M Clattenburg,17.0,13.0,14.0,6.0,7.0,10.0,3.0,7.0,1.0,1.0,0.0,0.0,2.38,3.3,3.0,EPLS201112,25.0,5.0
9.0,32.0,1291,17/12/2011,Everton,Norwich,1.0,1.0,D,0.0,1.0,A,L Probert,28.0,7.0,15.0,1.0,9.0,12.0,13.0,0.0,1.0,1.0,0.0,0.0,1.62,3.75,6.0,EPLS201112,9.0,32.0
1.0,31.0,1292,17/12/2011,Fulham,Bolton,2.0,0.0,H,2.0,0.0,H,C Foy,16.0,14.0,9.0,6.0,6.0,11.0,8.0,4.0,1.0,3.0,0.0,0.0,1.62,3.75,6.0,EPLS201112,1.0,31.0
14.0,30.0,1293,17/12/2011,Newcastle,Swansea,0.0,0.0,D,0.0,0.0,D,L Mason,17.0,3.0,6.0,0.0,11.0,11.0,9.0,1.0,1.0,1.0,0.0,0.0,1.8,3.6,4.5,EPLS201112,14.0,30.0
27.0,15.0,1294,17/12/2011,Wigan,Chelsea,1.0,1.0,D,0.0,0.0,D,M Atkinson,15.0,10.0,7.0,5.0,8.0,6.0,7.0,5.0,0.0,0.0,0.0,0.0,9.0,4.75,1.36,EPLS201112,27.0,15.0
18.0,28.0,1295,17/12/2011,Wolves,Stoke,1.0,2.0,A,1.0,0.0,H,A Taylor,10.0,8.0,5.0,4.0,8.0,11.0,7.0,5.0,2.0,4.0,0.0,0.0,2.5,3.25,2.88,EPLS201112,18.0,28.0
17.0,3.0,1296,18/12/2011,Aston Villa,Liverpool,0.0,2.0,A,0.0,2.0,A,P Walton,16.0,19.0,8.0,12.0,5.0,14.0,4.0,10.0,1.0,2.0,0.0,0.0,4.2,3.4,1.91,EPLS201112,17.0,3.0
20.0,12.0,1297,18/12/2011,Man City,Arsenal,1.0,0.0,H,0.0,0.0,D,P Dowd,15.0,12.0,9.0,8.0,13.0,10.0,4.0,6.0,2.0,3.0,0.0,0.0,1.73,3.75,4.5,EPLS201112,20.0,12.0
26.0,11.0,1298,18/12/2011,QPR,Man United,0.0,2.0,A,0.0,1.0,A,H Webb,11.0,19.0,3.0,12.0,5.0,7.0,5.0,10.0,1.0,2.0,0.0,0.0,7.5,4.33,1.44,EPLS201112,26.0,11.0
6.0,29.0,1299,18/12/2011,Tottenham,Sunderland,1.0,0.0,H,0.0,0.0,D,M Dean,16.0,8.0,12.0,4.0,6.0,8.0,6.0,0.0,1.0,2.0,0.0,0.0,1.36,4.75,9.0,EPLS201112,6.0,29.0
25.0,31.0,1300,20/12/2011,Blackburn,Bolton,1.0,2.0,A,0.0,2.0,A,M Atkinson,17.0,8.0,7.0,5.0,10.0,7.0,5.0,9.0,3.0,0.0,0.0,0.0,2.1,3.4,3.5,EPLS201112,25.0,31.0
18.0,32.0,1301,20/12/2011,Wolves,Norwich,2.0,2.0,D,1.0,1.0,D,C Foy,18.0,18.0,9.0,14.0,5.0,11.0,4.0,6.0,2.0,2.0,0.0,0.0,2.0,3.5,3.75,EPLS201112,18.0,32.0
17.0,12.0,1302,21/12/2011,Aston Villa,Arsenal,1.0,2.0,A,0.0,1.0,A,J Moss,10.0,8.0,4.0,6.0,10.0,8.0,7.0,15.0,2.0,3.0,1.0,0.0,5.0,3.6,1.73,EPLS201112,17.0,12.0
9.0,30.0,1303,21/12/2011,Everton,Swansea,1.0,0.0,H,0.0,0.0,D,K Friend,13.0,4.0,6.0,4.0,8.0,13.0,9.0,2.0,1.0,2.0,0.0,0.0,1.57,3.75,6.5,EPLS201112,9.0,30.0
1.0,11.0,1304,21/12/2011,Fulham,Man United,0.0,5.0,A,0.0,3.0,A,M Halsey,13.0,14.0,8.0,12.0,7.0,8.0,3.0,10.0,1.0,0.0,0.0,0.0,5.0,3.6,1.73,EPLS201112,1.0,11.0
20.0,28.0,1305,21/12/2011,Man City,Stoke,3.0,0.0,H,2.0,0.0,H,M Dean,20.0,2.0,16.0,0.0,7.0,5.0,5.0,2.0,2.0,1.0,0.0,0.0,1.22,6.0,15.0,EPLS201112,20.0,28.0
14.0,5.0,1306,21/12/2011,Newcastle,West Brom,2.0,3.0,A,1.0,2.0,A,A Taylor,21.0,14.0,11.0,8.0,9.0,10.0,10.0,1.0,1.0,0.0,0.0,0.0,2.0,3.5,3.75,EPLS201112,14.0,5.0
26.0,29.0,1307,21/12/2011,QPR,Sunderland,2.0,3.0,A,0.0,1.0,A,A Marriner,17.0,17.0,9.0,13.0,10.0,11.0,8.0,11.0,2.0,2.0,0.0,0.0,2.5,3.3,2.88,EPLS201112,26.0,29.0
27.0,3.0,1308,21/12/2011,Wigan,Liverpool,0.0,0.0,D,0.0,0.0,D,M Oliver,15.0,18.0,10.0,10.0,16.0,12.0,7.0,14.0,1.0,2.0,0.0,0.0,7.0,4.0,1.5,EPLS201112,27.0,3.0
6.0,15.0,1309,22/12/2011,Tottenham,Chelsea,1.0,1.0,D,1.0,1.0,D,H Webb,16.0,20.0,10.0,10.0,14.0,8.0,7.0,4.0,2.0,2.0,0.0,0.0,2.6,3.4,2.7,EPLS201112,6.0,15.0
31.0,14.0,1310,26/12/2011,Bolton,Newcastle,0.0,2.0,A,0.0,0.0,D,P Walton,4.0,12.0,3.0,7.0,9.0,11.0,4.0,4.0,1.0,1.0,0.0,0.0,2.5,3.4,2.8,EPLS201112,31.0,14.0
15.0,1.0,1311,26/12/2011,Chelsea,Fulham,1.0,1.0,D,0.0,0.0,D,K Friend,24.0,9.0,15.0,6.0,10.0,12.0,9.0,3.0,1.0,1.0,0.0,0.0,1.3,5.0,12.0,EPLS201112,15.0,1.0
3.0,25.0,1312,26/12/2011,Liverpool,Blackburn,1.0,1.0,D,0.0,1.0,A,M Jones,28.0,5.0,13.0,2.0,5.0,15.0,9.0,2.0,1.0,0.0,0.0,0.0,1.25,5.5,13.0,EPLS201112,3.0,25.0
11.0,27.0,1313,26/12/2011,Man United,Wigan,5.0,0.0,H,2.0,0.0,H,P Dowd,17.0,9.0,9.0,5.0,12.0,10.0,10.0,2.0,2.0,1.0,0.0,1.0,1.14,7.5,21.0,EPLS201112,11.0,27.0
28.0,17.0,1314,26/12/2011,Stoke,Aston Villa,0.0,0.0,D,0.0,0.0,D,M Clattenburg,7.0,10.0,2.0,4.0,13.0,10.0,7.0,7.0,3.0,0.0,0.0,0.0,1.91,3.4,4.2,EPLS201112,28.0,17.0
29.0,9.0,1315,26/12/2011,Sunderland,Everton,1.0,1.0,D,1.0,0.0,H,H Webb,12.0,9.0,8.0,3.0,6.0,14.0,5.0,6.0,0.0,1.0,0.0,0.0,2.4,3.25,3.0,EPLS201112,29.0,9.0
5.0,20.0,1316,26/12/2011,West Brom,Man City,0.0,0.0,D,0.0,0.0,D,L Mason,7.0,18.0,3.0,9.0,8.0,8.0,5.0,9.0,0.0,1.0,0.0,0.0,7.0,4.5,1.44,EPLS201112,5.0,20.0
12.0,18.0,1317,27/12/2011,Arsenal,Wolves,1.0,1.0,D,1.0,1.0,D,S Attwell,23.0,6.0,17.0,4.0,3.0,12.0,13.0,3.0,2.0,3.0,0.0,1.0,1.22,6.0,15.0,EPLS201112,12.0,18.0
32.0,6.0,1318,27/12/2011,Norwich,Tottenham,0.0,2.0,A,0.0,0.0,D,M Oliver,8.0,19.0,4.0,8.0,7.0,6.0,3.0,10.0,1.0,1.0,0.0,0.0,4.5,3.6,1.8,EPLS201112,32.0,6.0
30.0,26.0,1319,27/12/2011,Swansea,QPR,1.0,1.0,D,1.0,0.0,H,L Probert,7.0,12.0,4.0,7.0,9.0,12.0,5.0,11.0,1.0,3.0,0.0,0.0,2.0,3.4,3.8,EPLS201112,30.0,26.0
3.0,14.0,1320,30/12/2011,Liverpool,Newcastle,3.0,1.0,H,1.0,1.0,D,L Probert,15.0,5.0,7.0,2.0,7.0,11.0,7.0,0.0,0.0,2.0,0.0,0.0,1.53,4.0,6.5,EPLS201112,3.0,14.0
12.0,26.0,1321,31/12/2011,Arsenal,QPR,1.0,0.0,H,0.0,0.0,D,M Atkinson,16.0,6.0,7.0,3.0,11.0,13.0,12.0,4.0,2.0,2.0,0.0,0.0,1.25,5.5,13.0,EPLS201112,12.0,26.0
31.0,18.0,1322,31/12/2011,Bolton,Wolves,1.0,1.0,D,1.0,0.0,H,M Clattenburg,13.0,8.0,9.0,5.0,11.0,8.0,3.0,6.0,0.0,0.0,0.0,0.0,2.2,3.25,3.4,EPLS201112,31.0,18.0
15.0,17.0,1323,31/12/2011,Chelsea,Aston Villa,1.0,3.0,A,1.0,1.0,D,M Halsey,16.0,12.0,5.0,9.0,7.0,13.0,9.0,2.0,1.0,1.0,0.0,0.0,1.29,5.0,13.0,EPLS201112,15.0,17.0
11.0,25.0,1324,31/12/2011,Man United,Blackburn,2.0,3.0,A,0.0,1.0,A,M Dean,26.0,10.0,13.0,5.0,8.0,10.0,17.0,3.0,2.0,2.0,0.0,0.0,1.13,8.0,26.0,EPLS201112,11.0,25.0
32.0,1.0,1325,31/12/2011,Norwich,Fulham,1.0,1.0,D,0.0,1.0,A,H Webb,18.0,11.0,9.0,6.0,9.0,6.0,4.0,3.0,0.0,0.0,0.0,0.0,2.6,3.25,2.75,EPLS201112,32.0,1.0
28.0,27.0,1326,31/12/2011,Stoke,Wigan,2.0,2.0,D,0.0,1.0,A,M Oliver,12.0,10.0,3.0,6.0,14.0,5.0,8.0,5.0,2.0,3.0,0.0,1.0,1.67,3.6,5.5,EPLS201112,28.0,27.0
30.0,6.0,1327,31/12/2011,Swansea,Tottenham,1.0,1.0,D,0.0,1.0,A,P Dowd,14.0,12.0,8.0,7.0,8.0,4.0,10.0,5.0,1.0,2.0,0.0,0.0,5.5,3.6,1.67,EPLS201112,30.0,6.0
29.0,20.0,1328,01/01/2012,Sunderland,Man City,1.0,0.0,H,0.0,0.0,D,K Friend,8.0,25.0,5.0,11.0,7.0,6.0,1.0,10.0,1.0,1.0,0.0,0.0,6.5,4.0,1.53,EPLS201112,29.0,20.0
5.0,9.0,1329,01/01/2012,West Brom,Everton,0.0,1.0,A,0.0,0.0,D,S Attwell,10.0,13.0,2.0,8.0,10.0,8.0,2.0,7.0,0.0,2.0,0.0,0.0,2.6,3.25,2.75,EPLS201112,5.0,9.0
17.0,30.0,1330,01/02/2012,Aston Villa,Swansea,0.0,2.0,A,0.0,1.0,A,A Taylor,10.0,8.0,2.0,4.0,11.0,6.0,14.0,0.0,2.0,4.0,0.0,0.0,1.83,3.4,4.75,EPLS201112,17.0,30.0
25.0,28.0,1331,01/02/2012,Blackburn,Stoke,1.0,2.0,A,0.0,2.0,A,L Mason,14.0,8.0,7.0,3.0,8.0,7.0,8.0,3.0,2.0,1.0,0.0,0.0,2.5,3.25,2.88,EPLS201112,25.0,28.0
1.0,12.0,1332,01/02/2012,Fulham,Arsenal,2.0,1.0,H,0.0,1.0,A,L Probert,21.0,17.0,8.0,10.0,6.0,12.0,4.0,3.0,0.0,1.0,0.0,1.0,4.0,3.5,1.91,EPLS201112,1.0,12.0
26.0,32.0,1333,01/02/2012,QPR,Norwich,1.0,2.0,A,1.0,1.0,D,N Swarbrick,9.0,13.0,6.0,6.0,12.0,12.0,2.0,5.0,2.0,1.0,1.0,0.0,2.1,3.4,3.5,EPLS201112,26.0,32.0
18.0,15.0,1334,01/02/2012,Wolves,Chelsea,1.0,2.0,A,0.0,0.0,D,P Walton,9.0,15.0,5.0,10.0,9.0,10.0,0.0,5.0,3.0,2.0,0.0,0.0,6.0,4.0,1.57,EPLS201112,18.0,15.0
20.0,3.0,1335,01/03/2012,Man City,Liverpool,3.0,0.0,H,2.0,0.0,H,M Jones,10.0,18.0,8.0,10.0,13.0,7.0,5.0,6.0,1.0,2.0,1.0,0.0,1.91,3.4,4.2,EPLS201112,20.0,3.0
6.0,5.0,1336,01/03/2012,Tottenham,West Brom,1.0,0.0,H,0.0,0.0,D,M Halsey,20.0,8.0,14.0,2.0,3.0,14.0,14.0,7.0,0.0,5.0,0.0,0.0,1.33,5.0,10.0,EPLS201112,6.0,5.0
27.0,29.0,1337,01/03/2012,Wigan,Sunderland,1.0,4.0,A,0.0,1.0,A,M Dean,20.0,10.0,10.0,9.0,9.0,6.0,9.0,6.0,1.0,0.0,0.0,0.0,2.63,3.25,2.75,EPLS201112,27.0,29.0
9.0,31.0,1338,01/04/2012,Everton,Bolton,1.0,2.0,A,0.0,0.0,D,P Dowd,10.0,12.0,4.0,7.0,7.0,11.0,5.0,10.0,1.0,3.0,0.0,0.0,1.5,4.0,7.0,EPLS201112,9.0,31.0
14.0,11.0,1339,01/04/2012,Newcastle,Man United,3.0,0.0,H,1.0,0.0,H,H Webb,10.0,6.0,6.0,6.0,16.0,15.0,4.0,4.0,1.0,2.0,0.0,0.0,5.0,3.6,1.73,EPLS201112,14.0,11.0
6.0,9.0,1340,01/11/2012,Tottenham,Everton,2.0,0.0,H,1.0,0.0,H,M Atkinson,14.0,11.0,7.0,4.0,5.0,15.0,6.0,4.0,1.0,3.0,0.0,0.0,1.53,3.8,7.0,EPLS201112,6.0,9.0
17.0,9.0,1341,14/01/2012,Aston Villa,Everton,1.0,1.0,D,0.0,0.0,D,M Clattenburg,17.0,7.0,11.0,4.0,12.0,11.0,9.0,3.0,1.0,1.0,0.0,0.0,2.4,3.25,3.0,EPLS201112,17.0,9.0
25.0,1.0,1342,14/01/2012,Blackburn,Fulham,3.0,1.0,H,1.0,0.0,H,A Taylor,15.0,17.0,11.0,7.0,14.0,11.0,0.0,9.0,1.0,1.0,1.0,0.0,3.0,3.3,2.38,EPLS201112,25.0,1.0
15.0,29.0,1343,14/01/2012,Chelsea,Sunderland,1.0,0.0,H,1.0,0.0,H,P Dowd,21.0,9.0,10.0,4.0,9.0,9.0,8.0,2.0,3.0,1.0,0.0,0.0,1.4,4.5,8.5,EPLS201112,15.0,29.0
3.0,28.0,1344,14/01/2012,Liverpool,Stoke,0.0,0.0,D,0.0,0.0,D,H Webb,13.0,3.0,5.0,1.0,6.0,11.0,11.0,1.0,0.0,3.0,0.0,0.0,1.4,4.33,9.0,EPLS201112,3.0,28.0
11.0,31.0,1345,14/01/2012,Man United,Bolton,3.0,0.0,H,1.0,0.0,H,P Walton,19.0,11.0,9.0,5.0,7.0,7.0,11.0,3.0,0.0,1.0,0.0,0.0,1.14,8.0,17.0,EPLS201112,11.0,31.0
6.0,18.0,1346,14/01/2012,Tottenham,Wolves,1.0,1.0,D,0.0,1.0,A,M Jones,22.0,5.0,10.0,3.0,6.0,12.0,8.0,1.0,1.0,3.0,0.0,0.0,1.25,5.5,13.0,EPLS201112,6.0,18.0
5.0,32.0,1347,14/01/2012,West Brom,Norwich,1.0,2.0,A,0.0,1.0,A,M Dean,16.0,7.0,8.0,4.0,6.0,14.0,10.0,5.0,0.0,1.0,0.0,0.0,2.0,3.4,3.8,EPLS201112,5.0,32.0
14.0,26.0,1348,15/01/2012,Newcastle,QPR,1.0,0.0,H,1.0,0.0,H,C Foy,9.0,15.0,4.0,9.0,5.0,9.0,3.0,2.0,0.0,4.0,0.0,0.0,1.73,3.6,5.0,EPLS201112,14.0,26.0
30.0,12.0,1349,15/01/2012,Swansea,Arsenal,3.0,2.0,H,1.0,1.0,D,M Oliver,9.0,14.0,5.0,9.0,9.0,9.0,9.0,2.0,0.0,0.0,0.0,0.0,4.75,3.5,1.8,EPLS201112,30.0,12.0
27.0,20.0,1350,16/01/2012,Wigan,Man City,0.0,1.0,A,0.0,1.0,A,M Atkinson,7.0,12.0,4.0,8.0,16.0,15.0,4.0,5.0,3.0,3.0,0.0,0.0,9.0,4.33,1.4,EPLS201112,27.0,20.0
31.0,3.0,1351,21/01/2012,Bolton,Liverpool,3.0,1.0,H,2.0,1.0,H,K Friend,15.0,11.0,8.0,8.0,10.0,13.0,5.0,5.0,0.0,2.0,0.0,0.0,6.0,3.75,1.62,EPLS201112,31.0,3.0
9.0,25.0,1352,21/01/2012,Everton,Blackburn,1.0,1.0,D,1.0,0.0,H,M Halsey,15.0,14.0,8.0,8.0,15.0,13.0,5.0,8.0,2.0,2.0,0.0,0.0,1.53,4.0,6.5,EPLS201112,9.0,25.0
1.0,14.0,1353,21/01/2012,Fulham,Newcastle,5.0,2.0,H,0.0,1.0,A,L Mason,10.0,15.0,7.0,9.0,8.0,12.0,2.0,6.0,0.0,4.0,0.0,0.0,2.0,3.4,3.8,EPLS201112,1.0,14.0
32.0,15.0,1354,21/01/2012,Norwich,Chelsea,0.0,0.0,D,0.0,0.0,D,M Clattenburg,5.0,19.0,3.0,9.0,5.0,4.0,1.0,11.0,0.0,0.0,0.0,0.0,5.5,4.0,1.62,EPLS201112,32.0,15.0
26.0,27.0,1355,21/01/2012,QPR,Wigan,3.0,1.0,H,2.0,0.0,H,J Moss,16.0,9.0,8.0,4.0,10.0,15.0,7.0,1.0,2.0,2.0,0.0,0.0,2.0,3.4,3.8,EPLS201112,26.0,27.0
28.0,5.0,1356,21/01/2012,Stoke,West Brom,1.0,2.0,A,0.0,1.0,A,A Taylor,10.0,15.0,3.0,6.0,10.0,10.0,5.0,1.0,0.0,0.0,0.0,0.0,1.91,3.4,4.2,EPLS201112,28.0,5.0
29.0,30.0,1357,21/01/2012,Sunderland,Swansea,2.0,0.0,H,1.0,0.0,H,C Foy,7.0,11.0,2.0,4.0,9.0,6.0,2.0,4.0,0.0,0.0,0.0,0.0,1.91,3.4,4.2,EPLS201112,29.0,30.0
18.0,17.0,1358,21/01/2012,Wolves,Aston Villa,2.0,3.0,A,2.0,1.0,H,M Oliver,13.0,11.0,9.0,5.0,11.0,8.0,12.0,3.0,1.0,0.0,1.0,0.0,2.5,3.25,2.88,EPLS201112,18.0,17.0
12.0,11.0,1359,22/01/2012,Arsenal,Man United,1.0,2.0,A,0.0,1.0,A,M Dean,12.0,9.0,6.0,5.0,15.0,6.0,0.0,5.0,5.0,2.0,0.0,0.0,2.8,3.4,2.5,EPLS201112,12.0,11.0
20.0,6.0,1360,22/01/2012,Man City,Tottenham,3.0,2.0,H,0.0,0.0,D,H Webb,13.0,12.0,7.0,7.0,7.0,10.0,9.0,4.0,2.0,1.0,0.0,0.0,1.91,3.6,4.0,EPLS201112,20.0,6.0
9.0,20.0,1361,31/01/2012,Everton,Man City,1.0,0.0,H,0.0,0.0,D,P Walton,9.0,17.0,4.0,11.0,12.0,9.0,3.0,9.0,1.0,2.0,0.0,0.0,4.33,3.5,1.85,EPLS201112,9.0,20.0
11.0,28.0,1362,31/01/2012,Man United,Stoke,2.0,0.0,H,1.0,0.0,H,M Jones,11.0,8.0,7.0,3.0,9.0,14.0,9.0,2.0,1.0,3.0,0.0,0.0,1.33,5.0,10.0,EPLS201112,11.0,28.0
30.0,15.0,1363,31/01/2012,Swansea,Chelsea,1.0,1.0,D,1.0,0.0,H,A Marriner,7.0,20.0,5.0,10.0,10.0,19.0,1.0,11.0,2.0,3.0,0.0,1.0,4.0,3.25,2.0,EPLS201112,30.0,15.0
6.0,27.0,1364,31/01/2012,Tottenham,Wigan,3.0,1.0,H,2.0,0.0,H,L Probert,20.0,10.0,13.0,6.0,7.0,7.0,5.0,0.0,0.0,1.0,0.0,0.0,1.22,6.0,15.0,EPLS201112,6.0,27.0
18.0,3.0,1365,31/01/2012,Wolves,Liverpool,0.0,3.0,A,0.0,0.0,D,A Taylor,5.0,23.0,1.0,14.0,6.0,8.0,5.0,4.0,1.0,3.0,0.0,0.0,5.0,3.8,1.7,EPLS201112,18.0,3.0
17.0,26.0,1366,02/01/2012,Aston Villa,QPR,2.0,2.0,D,1.0,2.0,A,N Swarbrick,23.0,3.0,15.0,3.0,3.0,12.0,9.0,3.0,0.0,1.0,0.0,0.0,1.8,3.5,4.75,EPLS201112,17.0,26.0
25.0,14.0,1367,02/01/2012,Blackburn,Newcastle,0.0,2.0,A,0.0,1.0,A,P Dowd,23.0,9.0,12.0,5.0,9.0,17.0,14.0,2.0,1.0,2.0,0.0,0.0,2.63,3.3,2.7,EPLS201112,25.0,14.0
31.0,12.0,1368,02/01/2012,Bolton,Arsenal,0.0,0.0,D,0.0,0.0,D,C Foy,14.0,16.0,8.0,7.0,8.0,10.0,6.0,6.0,1.0,1.0,0.0,0.0,5.0,3.75,1.7,EPLS201112,31.0,12.0
1.0,5.0,1369,02/01/2012,Fulham,West Brom,1.0,1.0,D,0.0,0.0,D,M Halsey,13.0,15.0,6.0,11.0,6.0,7.0,8.0,7.0,1.0,0.0,0.0,0.0,1.83,3.5,4.5,EPLS201112,1.0,5.0
29.0,32.0,1370,02/01/2012,Sunderland,Norwich,3.0,0.0,H,2.0,0.0,H,L Mason,10.0,12.0,6.0,4.0,6.0,14.0,3.0,6.0,1.0,1.0,0.0,0.0,1.91,3.5,4.2,EPLS201112,29.0,32.0
12.0,25.0,1371,02/04/2012,Arsenal,Blackburn,7.0,1.0,H,3.0,1.0,H,A Marriner,20.0,3.0,11.0,3.0,9.0,14.0,11.0,1.0,2.0,3.0,0.0,1.0,1.29,5.5,11.0,EPLS201112,12.0,25.0
20.0,1.0,1372,02/04/2012,Man City,Fulham,3.0,0.0,H,2.0,0.0,H,M Dean,16.0,11.0,10.0,8.0,8.0,7.0,4.0,6.0,1.0,3.0,0.0,0.0,1.3,5.5,10.0,EPLS201112,20.0,1.0
32.0,31.0,1373,02/04/2012,Norwich,Bolton,2.0,0.0,H,0.0,0.0,D,L Probert,22.0,10.0,9.0,6.0,6.0,6.0,4.0,7.0,0.0,0.0,0.0,0.0,2.0,3.5,3.75,EPLS201112,32.0,31.0
26.0,18.0,1374,02/04/2012,QPR,Wolves,1.0,2.0,A,1.0,0.0,H,M Clattenburg,13.0,14.0,8.0,6.0,7.0,14.0,7.0,3.0,0.0,3.0,1.0,0.0,1.91,3.6,4.0,EPLS201112,26.0,18.0
28.0,29.0,1375,02/04/2012,Stoke,Sunderland,0.0,1.0,A,0.0,0.0,D,M Atkinson,9.0,4.0,6.0,2.0,12.0,6.0,5.0,5.0,0.0,1.0,1.0,0.0,2.25,3.25,3.3,EPLS201112,28.0,29.0
5.0,30.0,1376,02/04/2012,West Brom,Swansea,1.0,2.0,A,0.0,0.0,D,J Moss,18.0,15.0,11.0,8.0,11.0,6.0,8.0,7.0,2.0,1.0,0.0,0.0,2.1,3.3,3.6,EPLS201112,5.0,30.0
27.0,9.0,1377,02/04/2012,Wigan,Everton,1.0,1.0,D,0.0,0.0,D,A Taylor,2.0,8.0,1.0,4.0,12.0,8.0,4.0,3.0,2.0,0.0,0.0,0.0,3.5,3.4,2.1,EPLS201112,27.0,9.0
15.0,11.0,1378,02/05/2012,Chelsea,Man United,3.0,3.0,D,1.0,0.0,H,H Webb,19.0,14.0,10.0,10.0,14.0,13.0,6.0,6.0,2.0,1.0,0.0,0.0,2.5,3.3,2.88,EPLS201112,15.0,11.0
14.0,17.0,1379,02/05/2012,Newcastle,Aston Villa,2.0,1.0,H,1.0,1.0,D,M Halsey,16.0,13.0,8.0,8.0,6.0,11.0,4.0,4.0,1.0,2.0,0.0,0.0,2.0,3.4,3.8,EPLS201112,14.0,17.0
3.0,6.0,1380,02/06/2012,Liverpool,Tottenham,0.0,0.0,D,0.0,0.0,D,M Oliver,15.0,9.0,10.0,6.0,6.0,11.0,7.0,4.0,2.0,2.0,0.0,0.0,2.0,3.4,3.8,EPLS201112,3.0,6.0
25.0,26.0,1381,02/11/2012,Blackburn,QPR,3.0,2.0,H,3.0,0.0,H,M Dean,7.0,25.0,5.0,13.0,11.0,10.0,5.0,6.0,1.0,1.0,0.0,0.0,2.38,3.3,3.0,EPLS201112,25.0,26.0
31.0,27.0,1382,02/11/2012,Bolton,Wigan,1.0,2.0,A,0.0,1.0,A,H Webb,13.0,10.0,8.0,6.0,19.0,10.0,7.0,7.0,3.0,2.0,0.0,0.0,2.0,3.5,3.75,EPLS201112,31.0,27.0
9.0,15.0,1383,02/11/2012,Everton,Chelsea,2.0,0.0,H,1.0,0.0,H,M Jones,10.0,8.0,7.0,7.0,13.0,12.0,2.0,4.0,0.0,3.0,0.0,0.0,3.25,3.3,2.25,EPLS201112,9.0,15.0
1.0,28.0,1384,02/11/2012,Fulham,Stoke,2.0,1.0,H,2.0,0.0,H,C Foy,11.0,12.0,4.0,4.0,12.0,6.0,5.0,4.0,1.0,2.0,0.0,0.0,1.91,3.5,4.0,EPLS201112,1.0,28.0
11.0,3.0,1385,02/11/2012,Man United,Liverpool,2.0,1.0,H,0.0,0.0,D,P Dowd,11.0,9.0,6.0,6.0,10.0,11.0,4.0,3.0,1.0,1.0,0.0,0.0,1.85,3.6,4.33,EPLS201112,11.0,3.0
29.0,12.0,1386,02/11/2012,Sunderland,Arsenal,1.0,2.0,A,0.0,0.0,D,N Swarbrick,8.0,10.0,5.0,8.0,7.0,7.0,7.0,3.0,2.0,1.0,0.0,0.0,3.5,3.4,2.1,EPLS201112,29.0,12.0
30.0,32.0,1387,02/11/2012,Swansea,Norwich,2.0,3.0,A,1.0,0.0,H,M Atkinson,16.0,18.0,9.0,11.0,6.0,12.0,6.0,8.0,0.0,2.0,0.0,0.0,1.83,3.5,4.5,EPLS201112,30.0,32.0
6.0,14.0,1388,02/11/2012,Tottenham,Newcastle,5.0,0.0,H,4.0,0.0,H,A Marriner,18.0,7.0,9.0,3.0,7.0,9.0,4.0,3.0,2.0,1.0,0.0,0.0,1.44,4.33,7.5,EPLS201112,6.0,14.0
17.0,20.0,1389,02/12/2012,Aston Villa,Man City,0.0,1.0,A,0.0,0.0,D,M Oliver,9.0,17.0,5.0,10.0,15.0,5.0,5.0,8.0,3.0,0.0,0.0,0.0,5.5,3.6,1.67,EPLS201112,17.0,20.0
18.0,5.0,1390,02/12/2012,Wolves,West Brom,1.0,5.0,A,1.0,1.0,D,L Mason,10.0,26.0,8.0,16.0,6.0,11.0,12.0,8.0,1.0,0.0,0.0,0.0,2.5,3.25,2.88,EPLS201112,18.0,5.0
15.0,31.0,1391,25/02/2012,Chelsea,Bolton,3.0,0.0,H,0.0,0.0,D,M Oliver,25.0,8.0,16.0,1.0,7.0,13.0,14.0,7.0,0.0,1.0,0.0,0.0,1.29,5.5,11.0,EPLS201112,15.0,31.0
20.0,25.0,1392,25/02/2012,Man City,Blackburn,3.0,0.0,H,1.0,0.0,H,M Jones,20.0,2.0,13.0,2.0,6.0,10.0,10.0,3.0,0.0,2.0,0.0,0.0,1.17,7.0,17.0,EPLS201112,20.0,25.0
14.0,18.0,1393,25/02/2012,Newcastle,Wolves,2.0,2.0,D,2.0,0.0,H,P Walton,13.0,7.0,8.0,6.0,8.0,8.0,3.0,3.0,1.0,1.0,0.0,0.0,1.57,4.0,6.0,EPLS201112,14.0,18.0
26.0,1.0,1394,25/02/2012,QPR,Fulham,0.0,1.0,A,0.0,1.0,A,P Dowd,17.0,7.0,8.0,3.0,17.0,12.0,6.0,5.0,1.0,4.0,1.0,0.0,2.63,3.25,2.75,EPLS201112,26.0,1.0
5.0,29.0,1395,25/02/2012,West Brom,Sunderland,4.0,0.0,H,2.0,0.0,H,C Foy,18.0,10.0,13.0,4.0,6.0,8.0,7.0,0.0,1.0,1.0,0.0,0.0,2.4,3.25,3.0,EPLS201112,5.0,29.0
27.0,17.0,1396,25/02/2012,Wigan,Aston Villa,0.0,0.0,D,0.0,0.0,D,K Friend,14.0,10.0,6.0,3.0,8.0,8.0,14.0,7.0,0.0,4.0,0.0,0.0,2.75,3.25,2.63,EPLS201112,27.0,17.0
12.0,6.0,1397,26/02/2012,Arsenal,Tottenham,5.0,2.0,H,2.0,2.0,D,M Dean,21.0,8.0,13.0,4.0,15.0,12.0,7.0,5.0,3.0,3.0,0.0,1.0,2.5,3.4,2.75,EPLS201112,12.0,6.0
32.0,11.0,1398,26/02/2012,Norwich,Man United,1.0,2.0,A,0.0,1.0,A,A Marriner,16.0,11.0,7.0,9.0,9.0,10.0,4.0,4.0,1.0,2.0,0.0,0.0,6.5,4.0,1.53,EPLS201112,32.0,11.0
28.0,30.0,1399,26/02/2012,Stoke,Swansea,2.0,0.0,H,2.0,0.0,H,H Webb,9.0,11.0,6.0,6.0,13.0,7.0,8.0,4.0,1.0,0.0,0.0,0.0,2.1,3.4,3.5,EPLS201112,28.0,30.0
25.0,17.0,1400,03/03/2012,Blackburn,Aston Villa,1.0,1.0,D,0.0,1.0,A,H Webb,15.0,17.0,9.0,12.0,9.0,5.0,4.0,8.0,1.0,0.0,0.0,0.0,2.38,3.4,3.0,EPLS201112,25.0,17.0
3.0,12.0,1401,03/03/2012,Liverpool,Arsenal,1.0,2.0,A,1.0,1.0,D,M Halsey,12.0,10.0,4.0,7.0,11.0,9.0,12.0,0.0,0.0,1.0,0.0,0.0,2.0,3.5,3.75,EPLS201112,3.0,12.0
20.0,31.0,1402,03/03/2012,Man City,Bolton,2.0,0.0,H,1.0,0.0,H,M Clattenburg,23.0,8.0,10.0,5.0,13.0,8.0,7.0,4.0,0.0,0.0,0.0,0.0,1.13,8.5,21.0,EPLS201112,20.0,31.0
26.0,9.0,1403,03/03/2012,QPR,Everton,1.0,1.0,D,1.0,1.0,D,K Friend,22.0,8.0,10.0,5.0,16.0,15.0,7.0,7.0,1.0,2.0,0.0,0.0,3.1,3.25,2.38,EPLS201112,26.0,9.0
28.0,32.0,1404,03/03/2012,Stoke,Norwich,1.0,0.0,H,0.0,0.0,D,M Oliver,11.0,7.0,7.0,5.0,10.0,16.0,8.0,2.0,0.0,2.0,0.0,0.0,1.83,3.5,4.5,EPLS201112,28.0,32.0
5.0,15.0,1405,03/03/2012,West Brom,Chelsea,1.0,0.0,H,0.0,0.0,D,P Dowd,19.0,13.0,11.0,6.0,9.0,10.0,14.0,5.0,3.0,1.0,0.0,0.0,4.2,3.4,1.91,EPLS201112,5.0,15.0
27.0,30.0,1406,03/03/2012,Wigan,Swansea,0.0,2.0,A,0.0,1.0,A,A Marriner,14.0,12.0,8.0,8.0,15.0,7.0,8.0,4.0,2.0,2.0,0.0,1.0,2.5,3.25,2.88,EPLS201112,27.0,30.0
1.0,18.0,1407,03/04/2012,Fulham,Wolves,5.0,0.0,H,2.0,0.0,H,M Jones,25.0,8.0,19.0,3.0,7.0,9.0,7.0,7.0,1.0,2.0,0.0,0.0,1.57,3.75,6.5,EPLS201112,1.0,18.0
14.0,29.0,1408,03/04/2012,Newcastle,Sunderland,1.0,1.0,D,0.0,1.0,A,M Dean,24.0,7.0,12.0,6.0,14.0,14.0,19.0,4.0,5.0,3.0,0.0,1.0,2.1,3.4,3.5,EPLS201112,14.0,29.0
6.0,11.0,1409,03/04/2012,Tottenham,Man United,1.0,3.0,A,0.0,1.0,A,M Atkinson,18.0,6.0,9.0,5.0,8.0,10.0,7.0,3.0,1.0,2.0,0.0,0.0,2.88,3.4,2.4,EPLS201112,6.0,11.0
17.0,1.0,1410,03/10/2012,Aston Villa,Fulham,1.0,0.0,H,0.0,0.0,D,J Moss,19.0,5.0,8.0,1.0,9.0,11.0,10.0,4.0,2.0,0.0,0.0,0.0,2.5,3.25,2.88,EPLS201112,17.0,1.0
31.0,26.0,1411,03/10/2012,Bolton,QPR,2.0,1.0,H,1.0,0.0,H,M Atkinson,11.0,17.0,7.0,11.0,13.0,13.0,10.0,6.0,2.0,2.0,0.0,0.0,2.5,3.25,2.88,EPLS201112,31.0,26.0
15.0,28.0,1412,03/10/2012,Chelsea,Stoke,1.0,0.0,H,0.0,0.0,D,A Marriner,21.0,8.0,11.0,3.0,12.0,15.0,14.0,1.0,1.0,2.0,0.0,1.0,1.4,4.5,8.5,EPLS201112,15.0,28.0
9.0,6.0,1413,03/10/2012,Everton,Tottenham,1.0,0.0,H,1.0,0.0,H,M Halsey,9.0,21.0,5.0,9.0,13.0,11.0,0.0,8.0,2.0,2.0,0.0,0.0,2.88,3.25,2.5,EPLS201112,9.0,6.0
29.0,3.0,1414,03/10/2012,Sunderland,Liverpool,1.0,0.0,H,0.0,0.0,D,A Taylor,6.0,9.0,1.0,5.0,13.0,15.0,3.0,2.0,1.0,1.0,0.0,0.0,3.8,3.4,2.0,EPLS201112,29.0,3.0
18.0,25.0,1415,03/10/2012,Wolves,Blackburn,0.0,2.0,A,0.0,1.0,A,C Foy,14.0,12.0,7.0,8.0,10.0,10.0,3.0,4.0,1.0,2.0,0.0,0.0,2.38,3.3,3.0,EPLS201112,18.0,25.0
11.0,5.0,1416,03/11/2012,Man United,West Brom,2.0,0.0,H,1.0,0.0,H,L Probert,20.0,6.0,9.0,3.0,5.0,13.0,8.0,5.0,0.0,1.0,0.0,1.0,1.29,5.5,11.0,EPLS201112,11.0,5.0
32.0,27.0,1417,03/11/2012,Norwich,Wigan,1.0,1.0,D,1.0,0.0,H,K Friend,13.0,18.0,6.0,9.0,12.0,7.0,3.0,5.0,4.0,4.0,0.0,0.0,1.83,3.6,4.33,EPLS201112,32.0,27.0
30.0,20.0,1418,03/11/2012,Swansea,Man City,1.0,0.0,H,0.0,0.0,D,L Mason,8.0,18.0,5.0,13.0,9.0,14.0,7.0,9.0,0.0,2.0,0.0,0.0,6.0,3.75,1.62,EPLS201112,30.0,20.0
12.0,14.0,1419,03/12/2012,Arsenal,Newcastle,2.0,1.0,H,1.0,1.0,D,H Webb,21.0,5.0,13.0,3.0,11.0,12.0,6.0,3.0,2.0,3.0,0.0,0.0,1.44,4.33,7.5,EPLS201112,12.0,14.0
3.0,9.0,1420,13/03/2012,Liverpool,Everton,3.0,0.0,H,1.0,0.0,H,P Dowd,15.0,5.0,10.0,3.0,6.0,7.0,4.0,4.0,1.0,4.0,0.0,0.0,1.73,3.4,5.5,EPLS201112,3.0,9.0
1.0,30.0,1421,17/03/2012,Fulham,Swansea,0.0,3.0,A,0.0,1.0,A,M Halsey,14.0,10.0,7.0,7.0,8.0,7.0,6.0,2.0,0.0,0.0,0.0,0.0,1.83,3.5,4.5,EPLS201112,1.0,30.0
27.0,5.0,1422,17/03/2012,Wigan,West Brom,1.0,1.0,D,0.0,0.0,D,M Oliver,20.0,8.0,6.0,2.0,8.0,10.0,13.0,5.0,2.0,4.0,0.0,0.0,2.75,3.3,2.6,EPLS201112,27.0,5.0
14.0,32.0,1423,18/03/2012,Newcastle,Norwich,1.0,0.0,H,1.0,0.0,H,P Dowd,15.0,12.0,10.0,5.0,8.0,15.0,4.0,5.0,0.0,3.0,0.0,0.0,1.8,3.6,4.5,EPLS201112,14.0,32.0
18.0,11.0,1424,18/03/2012,Wolves,Man United,0.0,5.0,A,0.0,3.0,A,A Taylor,7.0,22.0,3.0,18.0,6.0,11.0,4.0,7.0,1.0,1.0,1.0,0.0,9.0,5.0,1.33,EPLS201112,18.0,11.0
25.0,29.0,1425,20/03/2012,Blackburn,Sunderland,2.0,0.0,H,0.0,0.0,D,M Atkinson,16.0,2.0,9.0,0.0,13.0,10.0,7.0,8.0,0.0,1.0,0.0,0.0,2.4,3.4,2.88,EPLS201112,25.0,29.0
9.0,12.0,1426,21/03/2012,Everton,Arsenal,0.0,1.0,A,0.0,1.0,A,L Mason,7.0,12.0,2.0,8.0,11.0,11.0,4.0,6.0,2.0,1.0,0.0,0.0,3.0,3.4,2.3,EPLS201112,9.0,12.0
20.0,15.0,1427,21/03/2012,Man City,Chelsea,2.0,1.0,H,0.0,0.0,D,M Dean,20.0,6.0,10.0,5.0,8.0,7.0,11.0,4.0,1.0,2.0,0.0,0.0,1.91,3.6,4.0,EPLS201112,20.0,15.0
26.0,3.0,1428,21/03/2012,QPR,Liverpool,3.0,2.0,H,0.0,0.0,D,H Webb,10.0,18.0,5.0,11.0,8.0,6.0,7.0,17.0,0.0,0.0,0.0,0.0,5.0,3.6,1.73,EPLS201112,26.0,3.0
6.0,28.0,1429,21/03/2012,Tottenham,Stoke,1.0,1.0,D,0.0,0.0,D,M Jones,24.0,8.0,18.0,2.0,10.0,10.0,13.0,1.0,1.0,1.0,0.0,0.0,1.4,4.5,8.5,EPLS201112,6.0,28.0
12.0,17.0,1430,24/03/2012,Arsenal,Aston Villa,3.0,0.0,H,2.0,0.0,H,P Dowd,20.0,3.0,12.0,2.0,6.0,13.0,15.0,5.0,0.0,5.0,0.0,0.0,1.33,5.0,10.0,EPLS201112,12.0,17.0
31.0,25.0,1431,24/03/2012,Bolton,Blackburn,2.0,1.0,H,2.0,0.0,H,A Marriner,12.0,10.0,6.0,4.0,8.0,3.0,11.0,4.0,0.0,2.0,0.0,0.0,2.4,3.4,2.9,EPLS201112,31.0,25.0
15.0,6.0,1432,24/03/2012,Chelsea,Tottenham,0.0,0.0,D,0.0,0.0,D,M Atkinson,10.0,19.0,5.0,7.0,9.0,11.0,6.0,5.0,1.0,2.0,0.0,0.0,1.83,3.6,4.33,EPLS201112,15.0,6.0
3.0,27.0,1433,24/03/2012,Liverpool,Wigan,1.0,2.0,A,0.0,1.0,A,L Mason,12.0,6.0,9.0,5.0,14.0,10.0,6.0,0.0,1.0,2.0,0.0,0.0,1.29,5.5,11.0,EPLS201112,3.0,27.0
32.0,18.0,1434,24/03/2012,Norwich,Wolves,2.0,1.0,H,2.0,1.0,H,M Clattenburg,15.0,10.0,11.0,6.0,13.0,7.0,5.0,5.0,2.0,2.0,1.0,0.0,1.73,3.75,4.75,EPLS201112,32.0,18.0
28.0,20.0,1435,24/03/2012,Stoke,Man City,1.0,1.0,D,0.0,0.0,D,H Webb,10.0,16.0,3.0,11.0,15.0,12.0,5.0,7.0,1.0,2.0,0.0,0.0,6.0,3.75,1.62,EPLS201112,28.0,20.0
29.0,26.0,1436,24/03/2012,Sunderland,QPR,3.0,1.0,H,1.0,0.0,H,M Jones,15.0,10.0,8.0,6.0,11.0,9.0,5.0,2.0,2.0,3.0,0.0,1.0,2.0,3.4,3.8,EPLS201112,29.0,26.0
30.0,9.0,1437,24/03/2012,Swansea,Everton,0.0,2.0,A,0.0,0.0,D,N Swarbrick,10.0,15.0,3.0,8.0,10.0,10.0,3.0,3.0,1.0,2.0,0.0,0.0,2.2,3.25,3.4,EPLS201112,30.0,9.0
5.0,14.0,1438,25/03/2012,West Brom,Newcastle,1.0,3.0,A,0.0,3.0,A,C Foy,14.0,10.0,6.0,7.0,10.0,4.0,10.0,4.0,0.0,1.0,0.0,0.0,2.3,3.4,3.1,EPLS201112,5.0,14.0
11.0,1.0,1439,26/03/2012,Man United,Fulham,1.0,0.0,H,1.0,0.0,H,M Oliver,19.0,5.0,16.0,4.0,17.0,6.0,7.0,1.0,1.0,0.0,0.0,0.0,1.22,6.0,15.0,EPLS201112,11.0,1.0
17.0,15.0,1440,31/03/2012,Aston Villa,Chelsea,2.0,4.0,A,0.0,1.0,A,L Mason,9.0,12.0,5.0,9.0,13.0,5.0,6.0,4.0,1.0,0.0,0.0,0.0,4.5,3.5,1.83,EPLS201112,17.0,15.0
9.0,5.0,1441,31/03/2012,Everton,West Brom,2.0,0.0,H,1.0,0.0,H,P Walton,16.0,9.0,9.0,5.0,8.0,12.0,5.0,2.0,2.0,1.0,0.0,0.0,1.83,3.5,4.5,EPLS201112,9.0,5.0
1.0,32.0,1442,31/03/2012,Fulham,Norwich,2.0,1.0,H,2.0,0.0,H,A Taylor,14.0,16.0,9.0,8.0,11.0,9.0,6.0,7.0,1.0,2.0,0.0,0.0,1.7,3.75,5.0,EPLS201112,1.0,32.0
20.0,29.0,1443,31/03/2012,Man City,Sunderland,3.0,3.0,D,1.0,2.0,A,P Dowd,19.0,8.0,10.0,4.0,11.0,13.0,17.0,5.0,1.0,1.0,0.0,0.0,1.22,6.5,12.0,EPLS201112,20.0,29.0
26.0,12.0,1444,31/03/2012,QPR,Arsenal,2.0,1.0,H,1.0,1.0,D,M Dean,10.0,13.0,8.0,7.0,13.0,9.0,4.0,6.0,5.0,2.0,0.0,0.0,5.5,4.2,1.57,EPLS201112,26.0,12.0
27.0,28.0,1445,31/03/2012,Wigan,Stoke,2.0,0.0,H,0.0,0.0,D,M Clattenburg,13.0,6.0,11.0,2.0,14.0,13.0,8.0,1.0,2.0,4.0,0.0,0.0,2.63,3.25,2.75,EPLS201112,27.0,28.0
18.0,31.0,1446,31/03/2012,Wolves,Bolton,2.0,3.0,A,0.0,0.0,D,J Moss,14.0,19.0,8.0,11.0,11.0,11.0,13.0,4.0,1.0,1.0,0.0,0.0,2.3,3.4,3.1,EPLS201112,18.0,31.0
14.0,3.0,1447,04/01/2012,Newcastle,Liverpool,2.0,0.0,H,1.0,0.0,H,M Atkinson,11.0,9.0,7.0,6.0,10.0,11.0,3.0,6.0,3.0,3.0,0.0,1.0,2.88,3.4,2.4,EPLS201112,14.0,3.0
6.0,30.0,1448,04/01/2012,Tottenham,Swansea,3.0,1.0,H,1.0,0.0,H,A Marriner,15.0,11.0,10.0,7.0,11.0,12.0,7.0,7.0,0.0,0.0,0.0,0.0,1.4,4.5,8.5,EPLS201112,6.0,30.0
25.0,11.0,1449,04/02/2012,Blackburn,Man United,0.0,2.0,A,0.0,0.0,D,H Webb,11.0,14.0,6.0,6.0,8.0,5.0,2.0,10.0,1.0,1.0,0.0,0.0,9.0,4.75,1.36,EPLS201112,25.0,11.0
30.0,14.0,1450,04/06/2012,Swansea,Newcastle,0.0,2.0,A,0.0,1.0,A,H Webb,19.0,5.0,13.0,4.0,10.0,7.0,7.0,0.0,1.0,1.0,0.0,0.0,2.4,3.4,2.88,EPLS201112,30.0,14.0
31.0,1.0,1451,04/07/2012,Bolton,Fulham,0.0,3.0,A,0.0,2.0,A,M Dean,13.0,11.0,7.0,8.0,11.0,9.0,5.0,3.0,1.0,0.0,0.0,0.0,2.6,3.3,2.75,EPLS201112,31.0,1.0
15.0,27.0,1452,04/07/2012,Chelsea,Wigan,2.0,1.0,H,0.0,0.0,D,M Jones,19.0,13.0,10.0,7.0,14.0,11.0,5.0,3.0,2.0,2.0,0.0,0.0,1.25,6.0,12.0,EPLS201112,15.0,27.0
3.0,17.0,1453,04/07/2012,Liverpool,Aston Villa,1.0,1.0,D,0.0,1.0,A,M Oliver,21.0,5.0,5.0,3.0,4.0,9.0,11.0,3.0,1.0,1.0,0.0,0.0,1.44,4.33,7.5,EPLS201112,3.0,17.0
32.0,9.0,1454,04/07/2012,Norwich,Everton,2.0,2.0,D,1.0,1.0,D,A Marriner,14.0,9.0,11.0,5.0,7.0,17.0,2.0,4.0,0.0,3.0,0.0,0.0,3.0,3.3,2.4,EPLS201112,32.0,9.0
28.0,18.0,1455,04/07/2012,Stoke,Wolves,2.0,1.0,H,1.0,1.0,D,M Halsey,14.0,9.0,6.0,5.0,7.0,11.0,3.0,8.0,1.0,1.0,0.0,0.0,1.57,4.0,6.0,EPLS201112,28.0,18.0
29.0,6.0,1456,04/07/2012,Sunderland,Tottenham,0.0,0.0,D,0.0,0.0,D,C Foy,12.0,15.0,9.0,8.0,12.0,10.0,11.0,4.0,2.0,2.0,0.0,0.0,3.3,3.4,2.2,EPLS201112,29.0,6.0
5.0,25.0,1457,04/07/2012,West Brom,Blackburn,3.0,0.0,H,1.0,0.0,H,L Probert,9.0,16.0,6.0,10.0,5.0,7.0,8.0,4.0,1.0,1.0,0.0,1.0,1.91,3.6,4.0,EPLS201112,5.0,25.0
12.0,20.0,1458,04/08/2012,Arsenal,Man City,1.0,0.0,H,0.0,0.0,D,M Atkinson,12.0,7.0,7.0,2.0,13.0,14.0,7.0,6.0,2.0,4.0,0.0,1.0,2.4,3.4,2.88,EPLS201112,12.0,20.0
11.0,26.0,1459,04/08/2012,Man United,QPR,2.0,0.0,H,1.0,0.0,H,L Mason,24.0,9.0,14.0,7.0,13.0,10.0,11.0,5.0,1.0,0.0,0.0,1.0,1.17,7.5,15.0,EPLS201112,11.0,26.0
17.0,28.0,1460,04/09/2012,Aston Villa,Stoke,1.0,1.0,D,1.0,0.0,H,M Dean,7.0,7.0,3.0,3.0,9.0,9.0,5.0,4.0,3.0,0.0,0.0,0.0,2.2,3.3,3.4,EPLS201112,17.0,28.0
9.0,29.0,1461,04/09/2012,Everton,Sunderland,4.0,0.0,H,0.0,0.0,D,K Friend,22.0,3.0,12.0,0.0,7.0,12.0,5.0,2.0,0.0,2.0,0.0,0.0,1.83,3.5,4.5,EPLS201112,9.0,29.0
1.0,15.0,1462,04/09/2012,Fulham,Chelsea,1.0,1.0,D,0.0,1.0,A,M Clattenburg,11.0,12.0,9.0,4.0,5.0,16.0,7.0,11.0,1.0,3.0,0.0,0.0,3.5,3.4,2.1,EPLS201112,1.0,15.0
14.0,31.0,1463,04/09/2012,Newcastle,Bolton,2.0,0.0,H,0.0,0.0,D,M Jones,8.0,9.0,4.0,6.0,7.0,18.0,6.0,5.0,1.0,1.0,0.0,0.0,1.53,4.2,6.0,EPLS201112,14.0,31.0
6.0,32.0,1464,04/09/2012,Tottenham,Norwich,1.0,2.0,A,1.0,1.0,D,M Oliver,13.0,12.0,9.0,6.0,12.0,12.0,10.0,3.0,1.0,2.0,0.0,0.0,1.29,5.5,11.0,EPLS201112,6.0,32.0
25.0,3.0,1465,04/10/2012,Blackburn,Liverpool,2.0,3.0,A,1.0,2.0,A,A Taylor,10.0,16.0,4.0,12.0,16.0,12.0,4.0,4.0,4.0,5.0,0.0,1.0,3.5,3.4,2.1,EPLS201112,25.0,3.0
20.0,5.0,1466,04/11/2012,Man City,West Brom,4.0,0.0,H,1.0,0.0,H,K Friend,17.0,4.0,12.0,1.0,7.0,9.0,6.0,2.0,0.0,0.0,0.0,0.0,1.25,5.5,13.0,EPLS201112,20.0,5.0
26.0,30.0,1467,04/11/2012,QPR,Swansea,3.0,0.0,H,1.0,0.0,H,L Probert,16.0,9.0,8.0,6.0,9.0,10.0,6.0,9.0,2.0,0.0,0.0,0.0,2.1,3.4,3.5,EPLS201112,26.0,30.0
27.0,11.0,1468,04/11/2012,Wigan,Man United,1.0,0.0,H,0.0,0.0,D,P Dowd,11.0,8.0,8.0,3.0,8.0,14.0,7.0,3.0,1.0,2.0,0.0,0.0,9.0,4.75,1.36,EPLS201112,27.0,11.0
18.0,12.0,1469,04/11/2012,Wolves,Arsenal,0.0,3.0,A,0.0,2.0,A,N Swarbrick,9.0,10.0,6.0,7.0,9.0,4.0,6.0,4.0,3.0,0.0,1.0,0.0,7.0,4.5,1.44,EPLS201112,18.0,12.0
32.0,20.0,1470,14/04/2012,Norwich,Man City,1.0,6.0,A,0.0,2.0,A,C Foy,16.0,22.0,8.0,17.0,10.0,5.0,3.0,5.0,1.0,2.0,0.0,0.0,6.0,4.2,1.53,EPLS201112,32.0,20.0
29.0,18.0,1471,14/04/2012,Sunderland,Wolves,0.0,0.0,D,0.0,0.0,D,M Jones,15.0,12.0,6.0,8.0,4.0,11.0,8.0,4.0,0.0,1.0,0.0,0.0,1.5,4.2,6.5,EPLS201112,29.0,18.0
30.0,25.0,1472,14/04/2012,Swansea,Blackburn,3.0,0.0,H,2.0,0.0,H,M Clattenburg,16.0,7.0,8.0,2.0,8.0,12.0,7.0,3.0,0.0,2.0,0.0,0.0,1.91,3.5,4.0,EPLS201112,30.0,25.0
5.0,26.0,1473,14/04/2012,West Brom,QPR,1.0,0.0,H,1.0,0.0,H,J Moss,15.0,16.0,10.0,6.0,13.0,11.0,6.0,8.0,3.0,1.0,0.0,0.0,2.1,3.4,3.5,EPLS201112,5.0,26.0
11.0,17.0,1474,15/04/2012,Man United,Aston Villa,4.0,0.0,H,2.0,0.0,H,M Halsey,24.0,10.0,16.0,4.0,9.0,7.0,11.0,4.0,3.0,3.0,0.0,0.0,1.22,6.5,13.0,EPLS201112,11.0,17.0
12.0,27.0,1475,16/04/2012,Arsenal,Wigan,1.0,2.0,A,1.0,2.0,A,A Marriner,18.0,12.0,8.0,7.0,15.0,13.0,9.0,3.0,2.0,3.0,0.0,0.0,1.25,6.0,12.0,EPLS201112,12.0,27.0
12.0,15.0,1476,21/04/2012,Arsenal,Chelsea,0.0,0.0,D,0.0,0.0,D,M Dean,13.0,13.0,8.0,7.0,11.0,11.0,7.0,7.0,3.0,4.0,0.0,0.0,2.0,3.6,3.6,EPLS201112,12.0,15.0
17.0,29.0,1477,21/04/2012,Aston Villa,Sunderland,0.0,0.0,D,0.0,0.0,D,A Taylor,12.0,10.0,7.0,5.0,11.0,8.0,8.0,5.0,0.0,2.0,0.0,1.0,2.3,3.3,3.2,EPLS201112,17.0,29.0
25.0,32.0,1478,21/04/2012,Blackburn,Norwich,2.0,0.0,H,1.0,0.0,H,K Friend,9.0,12.0,6.0,5.0,8.0,13.0,9.0,7.0,1.0,1.0,0.0,0.0,2.1,3.4,3.5,EPLS201112,25.0,32.0
31.0,30.0,1479,21/04/2012,Bolton,Swansea,1.0,1.0,D,1.0,1.0,D,P Dowd,7.0,20.0,5.0,12.0,19.0,7.0,8.0,10.0,2.0,1.0,0.0,0.0,2.2,3.3,3.4,EPLS201112,31.0,30.0
1.0,27.0,1480,21/04/2012,Fulham,Wigan,2.0,1.0,H,0.0,0.0,D,L Mason,15.0,9.0,9.0,5.0,11.0,16.0,4.0,0.0,1.0,2.0,0.0,0.0,1.91,3.6,4.0,EPLS201112,1.0,27.0
14.0,28.0,1481,21/04/2012,Newcastle,Stoke,3.0,0.0,H,2.0,0.0,H,A Marriner,16.0,7.0,11.0,2.0,8.0,10.0,4.0,5.0,0.0,2.0,0.0,0.0,1.67,3.75,5.5,EPLS201112,14.0,28.0
26.0,6.0,1482,21/04/2012,QPR,Tottenham,1.0,0.0,H,1.0,0.0,H,M Clattenburg,12.0,17.0,5.0,8.0,13.0,10.0,4.0,13.0,4.0,0.0,1.0,0.0,4.0,3.6,1.91,EPLS201112,26.0,6.0
3.0,5.0,1483,22/04/2012,Liverpool,West Brom,0.0,1.0,A,0.0,0.0,D,N Swarbrick,28.0,9.0,12.0,4.0,10.0,8.0,15.0,3.0,2.0,0.0,0.0,0.0,1.44,4.33,7.5,EPLS201112,3.0,5.0
11.0,9.0,1484,22/04/2012,Man United,Everton,4.0,4.0,D,1.0,1.0,D,M Jones,20.0,17.0,11.0,10.0,8.0,11.0,5.0,2.0,1.0,2.0,0.0,0.0,1.3,5.0,11.0,EPLS201112,11.0,9.0
18.0,20.0,1485,22/04/2012,Wolves,Man City,0.0,2.0,A,0.0,1.0,A,L Probert,7.0,17.0,4.0,9.0,6.0,10.0,7.0,4.0,0.0,1.0,0.0,0.0,12.0,6.5,1.22,EPLS201112,18.0,20.0
17.0,31.0,1486,24/04/2012,Aston Villa,Bolton,1.0,2.0,A,0.0,0.0,D,C Foy,17.0,12.0,6.0,11.0,9.0,16.0,9.0,6.0,1.0,2.0,0.0,0.0,1.91,3.5,4.0,EPLS201112,17.0,31.0
9.0,1.0,1487,28/04/2012,Everton,Fulham,4.0,0.0,H,3.0,0.0,H,P Dowd,11.0,6.0,7.0,5.0,13.0,8.0,3.0,5.0,1.0,1.0,0.0,0.0,1.83,3.5,4.5,EPLS201112,9.0,1.0
32.0,3.0,1488,28/04/2012,Norwich,Liverpool,0.0,3.0,A,0.0,2.0,A,M Halsey,8.0,15.0,3.0,9.0,9.0,4.0,5.0,7.0,4.0,0.0,0.0,0.0,3.8,3.4,2.0,EPLS201112,32.0,3.0
28.0,12.0,1489,28/04/2012,Stoke,Arsenal,1.0,1.0,D,1.0,1.0,D,C Foy,6.0,17.0,4.0,10.0,8.0,10.0,2.0,6.0,1.0,2.0,0.0,0.0,4.33,3.6,1.83,EPLS201112,28.0,12.0
29.0,31.0,1490,28/04/2012,Sunderland,Bolton,2.0,2.0,D,1.0,1.0,D,L Probert,12.0,16.0,6.0,9.0,8.0,16.0,7.0,5.0,1.0,0.0,0.0,0.0,2.0,3.5,3.75,EPLS201112,29.0,31.0
30.0,18.0,1491,28/04/2012,Swansea,Wolves,4.0,4.0,D,4.0,2.0,H,J Moss,10.0,15.0,8.0,9.0,8.0,8.0,2.0,6.0,2.0,1.0,0.0,0.0,1.53,4.0,6.5,EPLS201112,30.0,18.0
5.0,17.0,1492,28/04/2012,West Brom,Aston Villa,0.0,0.0,D,0.0,0.0,D,M Clattenburg,13.0,8.0,7.0,5.0,14.0,16.0,10.0,3.0,0.0,4.0,0.0,0.0,2.1,3.4,3.5,EPLS201112,5.0,17.0
27.0,14.0,1493,28/04/2012,Wigan,Newcastle,4.0,0.0,H,4.0,0.0,H,M Dean,10.0,11.0,8.0,3.0,14.0,12.0,4.0,1.0,2.0,1.0,0.0,0.0,2.8,3.4,2.5,EPLS201112,27.0,14.0
15.0,26.0,1494,29/04/2012,Chelsea,QPR,6.0,1.0,H,4.0,0.0,H,H Webb,25.0,11.0,18.0,7.0,9.0,8.0,8.0,5.0,0.0,1.0,0.0,0.0,1.4,4.5,8.5,EPLS201112,15.0,26.0
6.0,25.0,1495,29/04/2012,Tottenham,Blackburn,2.0,0.0,H,1.0,0.0,H,M Jones,19.0,0.0,8.0,0.0,5.0,14.0,6.0,1.0,0.0,0.0,0.0,0.0,1.36,5.0,8.0,EPLS201112,6.0,25.0
20.0,11.0,1496,30/04/2012,Man City,Man United,1.0,0.0,H,1.0,0.0,H,A Marriner,12.0,4.0,5.0,2.0,11.0,14.0,8.0,8.0,3.0,2.0,0.0,0.0,2.1,3.5,3.4,EPLS201112,20.0,11.0
3.0,1.0,1497,05/01/2012,Liverpool,Fulham,0.0,1.0,A,0.0,1.0,A,L Probert,18.0,7.0,5.0,4.0,11.0,7.0,5.0,4.0,0.0,0.0,0.0,0.0,1.62,4.0,5.5,EPLS201112,3.0,1.0
28.0,9.0,1498,05/01/2012,Stoke,Everton,1.0,1.0,D,0.0,1.0,A,A Taylor,10.0,11.0,5.0,4.0,6.0,14.0,4.0,6.0,2.0,1.0,0.0,0.0,2.75,3.25,2.6,EPLS201112,28.0,9.0
31.0,6.0,1499,05/02/2012,Bolton,Tottenham,1.0,4.0,A,0.0,1.0,A,M Dean,14.0,13.0,8.0,10.0,6.0,9.0,4.0,7.0,2.0,1.0,0.0,0.0,4.0,3.6,1.91,EPLS201112,31.0,6.0
15.0,14.0,1500,05/02/2012,Chelsea,Newcastle,0.0,2.0,A,0.0,1.0,A,M Halsey,17.0,12.0,6.0,6.0,9.0,5.0,4.0,4.0,0.0,3.0,0.0,0.0,1.5,4.33,6.5,EPLS201112,15.0,14.0
12.0,32.0,1501,05/05/2012,Arsenal,Norwich,3.0,3.0,D,1.0,2.0,A,A Taylor,20.0,12.0,13.0,6.0,8.0,15.0,6.0,1.0,2.0,3.0,0.0,0.0,1.22,6.5,12.0,EPLS201112,12.0,32.0
17.0,6.0,1502,05/06/2012,Aston Villa,Tottenham,1.0,1.0,D,1.0,0.0,H,L Probert,4.0,21.0,2.0,10.0,10.0,8.0,4.0,19.0,1.0,2.0,0.0,1.0,4.2,3.75,1.83,EPLS201112,17.0,6.0
31.0,5.0,1503,05/06/2012,Bolton,West Brom,2.0,2.0,D,1.0,0.0,H,K Friend,11.0,17.0,6.0,13.0,14.0,8.0,4.0,4.0,1.0,4.0,0.0,0.0,2.0,3.5,3.75,EPLS201112,31.0,5.0
1.0,29.0,1504,05/06/2012,Fulham,Sunderland,2.0,1.0,H,2.0,1.0,H,M Atkinson,20.0,12.0,15.0,7.0,9.0,13.0,8.0,2.0,0.0,0.0,0.0,0.0,1.83,3.6,4.33,EPLS201112,1.0,29.0
11.0,30.0,1505,05/06/2012,Man United,Swansea,2.0,0.0,H,2.0,0.0,H,C Foy,26.0,13.0,18.0,9.0,12.0,6.0,16.0,3.0,1.0,0.0,0.0,0.0,1.17,7.0,17.0,EPLS201112,11.0,30.0
14.0,20.0,1506,05/06/2012,Newcastle,Man City,0.0,2.0,A,0.0,0.0,D,H Webb,14.0,19.0,9.0,12.0,12.0,7.0,2.0,6.0,4.0,3.0,0.0,0.0,5.0,4.0,1.67,EPLS201112,14.0,20.0
26.0,28.0,1507,05/06/2012,QPR,Stoke,1.0,0.0,H,0.0,0.0,D,A Marriner,21.0,8.0,12.0,1.0,11.0,14.0,7.0,3.0,0.0,0.0,0.0,0.0,1.83,3.75,4.2,EPLS201112,26.0,28.0
18.0,9.0,1508,05/06/2012,Wolves,Everton,0.0,0.0,D,0.0,0.0,D,L Mason,7.0,18.0,1.0,10.0,7.0,10.0,3.0,7.0,0.0,0.0,0.0,0.0,5.0,3.75,1.7,EPLS201112,18.0,9.0
25.0,27.0,1509,05/07/2012,Blackburn,Wigan,0.0,1.0,A,0.0,0.0,D,M Clattenburg,12.0,19.0,7.0,9.0,14.0,12.0,5.0,6.0,2.0,1.0,0.0,0.0,2.4,3.5,2.88,EPLS201112,25.0,27.0
3.0,15.0,1510,05/08/2012,Liverpool,Chelsea,4.0,1.0,H,3.0,0.0,H,K Friend,23.0,9.0,13.0,5.0,15.0,13.0,7.0,4.0,2.0,4.0,0.0,0.0,2.1,3.5,3.4,EPLS201112,3.0,15.0
15.0,25.0,1511,13/05/2012,Chelsea,Blackburn,2.0,1.0,H,2.0,0.0,H,L Mason,18.0,8.0,6.0,5.0,13.0,4.0,8.0,2.0,1.0,0.0,0.0,0.0,1.3,5.5,10.0,EPLS201112,15.0,25.0
9.0,14.0,1512,13/05/2012,Everton,Newcastle,3.0,1.0,H,2.0,0.0,H,A Marriner,17.0,11.0,11.0,5.0,15.0,16.0,4.0,3.0,2.0,1.0,0.0,0.0,2.2,3.5,3.2,EPLS201112,9.0,14.0
20.0,26.0,1513,13/05/2012,Man City,QPR,3.0,2.0,H,1.0,0.0,H,M Dean,35.0,3.0,24.0,3.0,4.0,6.0,19.0,0.0,1.0,1.0,0.0,1.0,1.13,9.0,19.0,EPLS201112,20.0,26.0
32.0,17.0,1514,13/05/2012,Norwich,Aston Villa,2.0,0.0,H,2.0,0.0,H,M Atkinson,21.0,9.0,12.0,5.0,6.0,10.0,9.0,6.0,1.0,2.0,0.0,0.0,2.2,3.4,3.25,EPLS201112,32.0,17.0
28.0,31.0,1515,13/05/2012,Stoke,Bolton,2.0,2.0,D,1.0,2.0,A,C Foy,12.0,20.0,8.0,8.0,10.0,5.0,5.0,9.0,1.0,1.0,0.0,0.0,2.38,3.5,2.88,EPLS201112,28.0,31.0
29.0,11.0,1516,13/05/2012,Sunderland,Man United,0.0,1.0,A,0.0,1.0,A,H Webb,6.0,17.0,5.0,9.0,14.0,11.0,1.0,9.0,3.0,3.0,0.0,0.0,7.0,4.5,1.44,EPLS201112,29.0,11.0
30.0,3.0,1517,13/05/2012,Swansea,Liverpool,1.0,0.0,H,0.0,0.0,D,M Halsey,13.0,14.0,8.0,9.0,5.0,5.0,6.0,5.0,1.0,1.0,0.0,0.0,3.4,3.5,2.1,EPLS201112,30.0,3.0
6.0,1.0,1518,13/05/2012,Tottenham,Fulham,2.0,0.0,H,1.0,0.0,H,P Dowd,15.0,10.0,9.0,7.0,8.0,12.0,9.0,3.0,0.0,2.0,0.0,0.0,1.4,4.5,8.5,EPLS201112,6.0,1.0
5.0,12.0,1519,13/05/2012,West Brom,Arsenal,2.0,3.0,A,2.0,2.0,D,M Jones,12.0,12.0,8.0,8.0,12.0,10.0,9.0,5.0,0.0,1.0,0.0,0.0,5.0,4.0,1.67,EPLS201112,5.0,12.0
27.0,18.0,1520,13/05/2012,Wigan,Wolves,3.0,2.0,H,2.0,1.0,H,M Oliver,14.0,10.0,10.0,7.0,15.0,9.0,9.0,2.0,1.0,2.0,0.0,0.0,1.57,4.0,6.0,EPLS201112,27.0,18.0
